code,input_domain,direction,file
268417,photo,B2A,f188425ea5.jpg
637322,photo,B2A,a65bfd0e43.jpg
975045,photo,B2A,b275f883d7.jpg
620069,photo,B2A,d0765946b2.jpg
234956,photo,B2A,4ee02ffd2c.jpg
909816,monet,A2B,4260d1c556.jpg
505643,monet,A2B,732d76a469.jpg
726227,photo,B2A,3ee7eb408c.jpg
631288,monet,A2B,1078363ff0.jpg
385145,monet,A2B,676a5a4c2e.jpg
703097,monet,A2B,32cc820303.jpg
290672,monet,A2B,6043aadea0.jpg
495234,photo,B2A,8277fe2e16.jpg
166617,monet,A2B,2cca56415e.jpg
151296,photo,B2A,d549b4831b.jpg
707406,monet,A2B,b3adc75e7d.jpg
164184,photo,B2A,38993b35f9.jpg
295684,monet,A2B,0a5075d42a.jpg
164391,photo,B2A,08009f0be5.jpg
979858,photo,B2A,79c459542d.jpg
273776,photo,B2A,c123f051ca.jpg
410546,monet,A2B,26b66eb819.jpg
388651,photo,B2A,94cf38462b.jpg
180787,monet,A2B,69f4b75a37.jpg
647621,monet,A2B,ec78d80dbd.jpg
753810,monet,A2B,28deb43a71.jpg
208046,photo,B2A,aea4a60c4e.jpg
997253,photo,B2A,a13aca724a.jpg
953097,monet,A2B,632ddbc784.jpg
712763,monet,A2B,106757e5d8.jpg
