example_id,text,true_label,predicted_label,prob_positive,confidence,length_slice,has_negation,has_contrast,raw_word_count,candidate_error_category,distance,manual_error_type,manual_explanation,testable_fix
29330,"Wow love the place and everything is very clean and new!\n\nGreat place to come and relax worth a try!\n\nCheers,\n\nEric Van Nguyen\nVisited April 2012",0,1,0.9999939203262328,0.9999939203262328,short,False,False,30,confident_false_positive,,label ambiguity / likely noisy label,"The review is strongly positive in wording ('love', 'clean', 'great place', 'worth a try'), but the ground-truth label is negative. The model prediction is linguistically reasonable, suggesting possible label noise or context missing from the review.",Audit similarly extreme label-text disagreements and test training with label-noise filtering or robust loss.
37771,"I have to say I love cafe rio! Their food is simple yet delicious, the service is great as well as consistent, and my appetite and tummy are always satisfied. However I've been to this location 3 different times and have not experienced any of these.. Even though it may be convenient for many of us here in henderson, please listen to the other reviews and DO NOT EAT AT THIS LOCATION ! New management is highly needed",0,1,0.9999916553497314,0.9999916553497314,medium,True,True,77,confident_false_positive,,contrast / sentiment reversal,"The review begins with highly positive statements about Cafe Rio, but then reverses sentiment for this specific location and ends with 'DO NOT EAT AT THIS LOCATION'. The model appears to overweight the positive opening.","Add stronger contrast-aware modeling or augment training with reviews containing 'however', 'but', and late sentiment reversals."
26678,"Clubs, Bars and Hostels \nA college kid's night out dream\nWeekends are crazy",0,1,0.999970555305481,0.999970555305481,short,False,False,13,confident_false_positive,,implicit sentiment / label ambiguity,The short review is mostly descriptive and does not contain an explicit negative cue. The negative ground-truth label is difficult to infer from the text alone.,Use more contextual representations and audit ambiguous short examples; consider confidence-based handling of weakly expressed sentiment.
11429,Yay. Cafeteria food. Yay.,0,1,0.9999189376831056,0.9999189376831056,short,False,False,4,confident_false_positive,,sarcasm,The repeated 'Yay' is sarcastic. A bag-of-local-patterns model can treat 'Yay' as positive even though 'Cafeteria food' and the repetition indicate dissatisfaction.,"Add sarcasm-oriented augmentation and features that model punctuation, repetition, and incongruity between positive cue words and surrounding context."
12480,"my husband had an omelette that was good. i had a blt, a little on the small side for $10, but bacon was great. Our server was awesome!",0,1,0.9999171495437622,0.9999171495437622,short,False,True,28,confident_false_positive,,mixed sentiment / label ambiguity,"The review contains a mild complaint about portion size and price, but also praises the omelette, bacon, and server. The overall wording is substantially positive despite the negative label.",Train on more mixed-sentiment examples and audit borderline labels; consider sentence-level sentiment aggregation before document classification.
22707,"Its a nice buffet looking over the Aria pool, but variety was just ok.... Meh..",1,0,1.5561516192974523e-05,0.999984438483807,short,False,True,15,confident_false_negative,,weak positive sentiment / mixed cues,"The review contains positive language ('nice buffet') but also weak negative cues ('just ok', 'Meh'). The model appears to focus on the negative ending.",Add more mixed-review examples and test sentence-level or clause-level pooling so weak positive and negative cues can be balanced.
30793,"This place is so much better since they changed owners.\n\nMy wife and I went when it was the old owners, it was terrible.  We waited forever and the food never came before we walked out.  People were served before us that walked in after and my wife actually got her soup before me and I sat and waited while they \""""made more\"""".\n\nIt was horrible.\n\nNow its much better.  The staff are very friendly, they treat their customers very well and I have nothing but positive things to now say about this place.  Its much better with the new owners.",1,0,1.9103468730463646e-05,0.9999808965312696,medium,True,True,104,confident_false_negative,,temporal sentiment reversal,"Most of the middle of the review describes a terrible experience under the old owners, but the current evaluation is explicitly positive after the ownership change. The model is dominated by the long negative history.",Model discourse and temporal transitions explicitly and augment with reviews where the final/current sentiment reverses earlier sentiment.
16532,"Great gym, but if you ever try to cancel your agreement count on paying 2-3 months longer than expected.  I've been trying to cancel my account because I moved across\nThe country.  They won't cancel it unless I send in a certified letter.  I've done that and am still getting charged months later.",1,0,3.1216914067044854e-05,0.999968783085933,medium,True,True,54,confident_false_negative,,contrast / label ambiguity,The review starts with 'Great gym' but the rest describes a severe cancellation and billing problem. The text itself reads predominantly negative even though the provided label is positive.,Audit labels for contrast-heavy examples and test clause-weighting that gives more weight to the concluding complaint.
18956,So good. Pho Van's broth kills it.\nI want to bathe in that shit-,1,0,3.162556095048785e-05,0.9999683744390496,short,False,False,14,confident_false_negative,,slang / polarity cue mismatch,"Phrases such as 'so good' and 'kills it' are strongly positive slang, but informal wording and profanity may be poorly represented by the learned vocabulary.",Add informal-language and slang examples to training and preserve useful colloquial tokens during preprocessing.
6520,"its an enjoyable atmosphere for all 21+\n(: The beer is Delicious and so is the food - However I unfortunately, can not say the same about the HELP.The service was terrible the waitress were rude not only  to us but to each other....",1,0,5.2754348871530965e-05,0.9999472456511284,short,True,True,44,confident_false_negative,,mixed sentiment / contrast,"The review praises the atmosphere, beer, and food, then strongly criticizes the service after 'However'. The model predicts negative, while the supplied label is positive, making the overall target inherently mixed.",Use sentence-level sentiment aggregation or contrast-aware pooling and audit mixed-aspect reviews for label consistency.
19442,"Meal: Dinner\n\nRationale: After drinking at Reservoir, I was starving. Casa Tapas was the closest place on my list of vegetarian-suitable restaurants in Montreal as gleaned from Chowhound.com. And I just think tapas is neat.\n\nFood: Small plates, kind of pricey, nothing unexpected. In order of appearance: (0) We had red wine. I forget what kind. Probably French or Italian. It was fine. (1) Free bread. Immediately. Lots and lots of free bread. And free olives. And probably free olive oil. I don't remember that particular detail. When I'd finish the free bread and free olives, more would appear by magic. Instantaneously. Without asking. Even while we were eating the other food. (2) Gazpacho. Not too oily, not too watery, well-balanced, but nothing to write home about. (3) Champi\u00f1ones al ajillo [garlic mushrooms]. If I remember correctly, this wasn't just a bowl of mushrooms. It was mushrooms on top of something white. Maybe that was the garlic component, somehow. But it was delicious. Either we ate it on the bread, or we ate it with a fork and then used the bread to scoop up every last drop. At any rate, thank heavens for the free bread, which we probably finished with the champi\u00f1ones and saw instantly replenished. (4) Esp\u00e1rragos al manchego [asparagus with manchego cheese]. A few stalks of grilled (or maybe sauteed) asparagus with flakes of manchego on top. Exactly what it said on the label. Fine. Give me more champi\u00f1ones. (5) Berenjenas rellenas [stuffed eggplant]. Kind of bland. Eggplant is a difficult vegetable to cook right, and it's got a delicate flavour that is easily overwhelmed or watered down. This case was the latter. I don't remember what it was stuffed with (more eggplant?) but it didn't really taste like anything. I should have known better than to order eggplant. Forgive me, I may have been drunk. (6) MORE FREE BREAD.\n\nService/atmosphere: Kind of had a traditional \""""fine dining\"""" feel to it, given the white tablecloths, server uniforms, and so forth, plus some borderline-gaudy mediterranean decor, plus some avant-garde single-blade ceiling fans. Not really my style (I prefer it toned down a bit). If the bread situation is any indication, service was prompt and continuous and professional, if a little bit mechanical (my boyfriend commented that it was almost like an assembly line...cold and impersonal...but I don't really mind).\n\nConclusion: A few hits, a few misses. Such is the nature of tapas. I'd try a few more tapases if I was up to spending the money. Or I'd just order a dozen Champi\u00f1ones.",1,0,0.4998365640640259,0.5001634359359741,long,True,True,444,near_threshold_error,0.0001634359359741,mixed-aspect long review,"The review contains both strong positives and negatives across food, price, service, and atmosphere. The final recommendation is only mildly positive, leaving the example close to the decision boundary.",Use hierarchical or sentence-level aggregation for long reviews and test aspect-aware sentiment pooling.
9863,"Fun grungy bar with an interesting crowd. Emphasize the \""""GRUNGY!\"""" Despite the hard appearance of the crowd, everyone has always been pretty laid back.\n\nThe live music varies nightly but is always loud and lively, played from a crowd-level makeshift stage. \n\nThe \""""Ass Juice\"""" is good--just don't look at the illustration while you are drinking it. \nThe \""""Bacon Martini\"""" is, as stated by the bartender, \""""Really good bacon soaked in really bad vodka.\"""" You can judge that one for yourself.",1,0,0.4994755089282989,0.500524491071701,medium,True,True,84,near_threshold_error,0.000524491071701,ambiguous / mixed descriptive review,The review describes the venue positively overall but includes strongly marked negative-sounding descriptors such as 'GRUNGY' and jokes about bad vodka. These mixed lexical cues make the near-threshold prediction understandable.,Add more contextual training examples where apparently negative adjectives are used positively or humorously.
23782,"I've now made three trips to Lobby's.  The first was an enormous disappointment, the last two have been exceptional.\n\nOn my first trip, I made the mistake of ordering the Italian beef sandwich.  What I received could best be described as a thinly-sliced beef sandwich on a baguette that some jerk spilled soup on.  My sandwich was soggy to the point of disintegration from the moment I received it.  I tend to be a very neat eater, but felt I needed a bib that day.  In addition to the mess, the whole assemblage was bland and unremarkable.  \n\nHowever...\n\nI'd happily recommend Lobby's to anyone who wants a burger.  Upon hearing great things about their hamburgers, I returned to Lobby on two more occcasions.  On both days, I got a ridiculously large, juicy burger with great quality beef and fresh ingredients for a price around half of their competitors (I'm looking at you, Smashburger and Five Guys).  \n\nSo, go for the burgers and read the menu carefully: the single patty burger is 1/3 pound.  If you order the double, you're ordering more than a half-pound of beef and you will need a nap.",1,0,0.499403178691864,0.500596821308136,medium,False,True,199,near_threshold_error,0.0005968213081359,long-range sentiment reversal,"The review opens with a strongly negative first visit, then uses 'However' to describe two later exceptional visits and ultimately recommends the burgers. The model struggles to weight the later positive evidence enough.",Test hierarchical sentence pooling or attention over discourse segments so later conclusion/recommendation sentences receive appropriate weight.
12873,"Disappointing at best- had fresh spring rolls, came wrapped in crepe not rice paper as advertised on menu- had pad Thai- kinda a big glob of noodles with a a few slices of carrot and green onion and no peanut garnish- nota keeper!!",0,1,0.5007551312446594,0.5007551312446594,short,True,False,43,near_threshold_error,0.0007551312446594,near-threshold lexical ambiguity,"The review is clearly negative overall, but food-related words and neutral menu descriptions dilute the negative cues. The probability sits almost exactly at the threshold.",Tune the decision threshold on validation data and add more short restaurant complaints with similar neutral food vocabulary.
20213,"Oh my god the food is extremely good, the salad bar is one of the healthiest salad and greens u ever going to have in buffet, even though  its a $$ place, still  they charge you the soft drink......... which Is odd,",1,0,0.4986791014671325,0.5013208985328674,short,False,True,41,near_threshold_error,0.0013208985328674,mixed sentiment / contrast,The review strongly praises the food and salad bar but includes a pricing complaint about charging for soft drinks. The small negative clause pulls the prediction across an almost 0.5 boundary.,Use clause-level sentiment aggregation and calibrate the classification threshold using validation data.
37771,"I have to say I love cafe rio! Their food is simple yet delicious, the service is great as well as consistent, and my appetite and tummy are always satisfied. However I've been to this location 3 different times and have not experienced any of these.. Even though it may be convenient for many of us here in henderson, please listen to the other reviews and DO NOT EAT AT THIS LOCATION ! New management is highly needed",0,1,0.9999916553497314,0.9999916553497314,medium,True,True,77,slice_specific_failure__has_contrast,,contrast / sentiment reversal,The review begins with generic praise for the chain but explicitly rejects this particular location and ends with a strong negative recommendation. The model overweights the positive beginning.,Augment with contrast-heavy examples and test position-aware pooling that preserves late review conclusions.
22707,"Its a nice buffet looking over the Aria pool, but variety was just ok.... Meh..",1,0,1.5561516192974523e-05,0.999984438483807,short,False,True,15,slice_specific_failure__has_contrast,,weak polarity under contrast,"The review begins positively ('nice buffet') but ends with 'just ok' and 'Meh'. The sentiment is weak and mixed, and the supplied positive label conflicts with the negative ending.",Add weak/mixed sentiment examples and test calibration or sentence-level aggregation for reviews containing contrast markers.
30793,"This place is so much better since they changed owners.\n\nMy wife and I went when it was the old owners, it was terrible.  We waited forever and the food never came before we walked out.  People were served before us that walked in after and my wife actually got her soup before me and I sat and waited while they \""""made more\"""".\n\nIt was horrible.\n\nNow its much better.  The staff are very friendly, they treat their customers very well and I have nothing but positive things to now say about this place.  Its much better with the new owners.",1,0,1.9103468730463646e-05,0.9999808965312696,medium,True,True,104,slice_specific_failure__has_contrast,,temporal sentiment reversal,"The long negative description concerns the old owners, while the current evaluation after the ownership change is repeatedly positive. The model fails to separate past sentiment from present sentiment.",Add temporal/discourse-aware examples and test hierarchical modeling that distinguishes earlier background from the final current assessment.
16532,"Great gym, but if you ever try to cancel your agreement count on paying 2-3 months longer than expected.  I've been trying to cancel my account because I moved across\nThe country.  They won't cancel it unless I send in a certified letter.  I've done that and am still getting charged months later.",1,0,3.1216914067044854e-05,0.999968783085933,medium,True,True,54,slice_specific_failure__has_contrast,,contrast / label ambiguity,The positive phrase 'Great gym' is followed by a much longer complaint about cancellation and continued charges. The predicted negative sentiment is consistent with most of the text despite the positive ground-truth label.,Audit contrast-heavy labels and test segment-level weighting so model behavior can be compared against the review's concluding sentiment.
6520,"its an enjoyable atmosphere for all 21+\n(: The beer is Delicious and so is the food - However I unfortunately, can not say the same about the HELP.The service was terrible the waitress were rude not only  to us but to each other....",1,0,5.2754348871530965e-05,0.9999472456511284,short,True,True,44,slice_specific_failure__has_contrast,,aspect-level mixed sentiment,"The atmosphere, beer, and food are praised, while service is strongly criticized after 'However'. The example contains competing aspect sentiments, and the model resolves them differently from the dataset label.",Test aspect-aware or sentence-level aggregation and add training examples with positive product quality but negative service.
