step,FID_A2B,MiFID_A2B,FID_B2A,MiFID_B2A,FID_avg,MiFID_avg,score
50000,114.04531977592868,0.4279463291168213,111.9010192427991,0.4185081124305725,112.97316950936388,0.4232272207736969,56.69819836506879
55000,113.12316070287048,0.4280128479003906,109.17652482476844,0.4174303710460663,111.14984276381946,0.42272160947322845,55.786282186646346
60000,111.86597814874207,0.4279909133911133,109.99017073066864,0.417972594499588,110.92807443970536,0.42298175394535065,55.67552809682535
65000,110.82917971793592,0.4246530532836914,110.93492586048832,0.41875970363616943,110.88205278921211,0.4217063784599304,55.65187958383602
70000,110.10803285087158,0.4254046082496643,109.05359235194527,0.4162057936191559,109.58081260140843,0.4208052009344101,55.00080890117142
75000,110.17133719091943,0.4273439645767212,109.20226487329052,0.41743338108062744,109.68680103210497,0.4223886728286743,55.05459485246682
80000,108.93843851843738,0.42624497413635254,108.45488329822378,0.416963666677475,108.69666090833059,0.42160432040691376,54.55913261436875
85000,109.5157913920339,0.4253993630409241,109.62033054646696,0.4192032516002655,109.56806096925044,0.4223013073205948,54.99518113828552
90000,107.69079145783498,0.4253174960613251,108.75721547154832,0.4174882173538208,108.22400346469165,0.42140285670757294,54.32270316069961
95000,107.8896389481236,0.42557239532470703,107.90760577153483,0.41645437479019165,107.89862235982922,0.42101338505744934,54.159817872443334
100000,107.05789713869362,0.4248911142349243,107.58795952728093,0.41709384322166443,107.32292833298727,0.4209924787282944,53.871960405857784
