prompt,method,text,generated_tokens,seconds,generation_tokens_per_sec
Once upon a time,greedy,"Once upon a time, there was a little girl named Lily. She loved to play outside in the sun. One day, she saw a big box in the garden. It was a big box with a big box of colors. She wanted to make a colorful box of colors. She wanted to make a colorful colorful colors and show her mom the colors. She wanted to make a colorful colorful colors and show her mom the colors. She wanted to make a colorful colorful colors and show her mom the colors. She wanted to make a colorful colorful colors and show her mom the co",500,1.1576588153839111,431.9061828542172
Once upon a time,temperature_0.8,"Once upon a time, there was a little girl named Lily. She had a playful doll named Spot. Spot loved to play outside in his garden. One day, something amazing happened. When he was finished, a little girl named Lily saw the magical tree and wanted to go out and explore it. She ran to her mom and asked her to go home and play with her toys.

Her mom understood and told her to help. ""Be careful, Lily, it's time to go home. Let's go home and play again.""

Lily took a deep breath and said, ""Thank you, Max. I will ma",500,1.4208893775939941,351.8922780932143
"One day, a little girl",greedy,"One day, a little girl named Lily went to the park with her mommy. They saw a big box of cars on the shelf. Lily wanted to play with them, but she was too scared. She wanted to play with them and they went to the shelf. She saw them and they were scared. She wanted to help them.

""Help, help!"" she cried. ""Help! Help!""

The dog barked and ran to the dog. He saw the dog and the dog. He was scared. He did not want to go home. He wanted to play with the dog.

""Help, help!"" Tom shouted. ""Help! Help!""

The dog barked and r",500,1.034754753112793,483.20628486690094
"One day, a little girl",temperature_0.8,"One day, a little girl saw Sarah explaining that she was having a passport in her hands. She wanted to know what was inside, but her mother was sad.

""Don't worry, sweetie. We can stay better next time. Let's take a closer look and excited to see it!"" Lily said, laughing.

They ran to the castle and ran to Mommy and Daddy. They hugged her and said, ""Thank you, mommy. I love you. And I love you.""

Once upon a time there was a little girl named Sarah. She was very curious and always looked everywhere. One day, Sarah wa",500,1.2327260971069336,405.60510657918456
There was a small dragon,greedy,"There was a small dragon named Daisy. Daisy was very scared and didn't know what to do. She wanted to go outside and play with her friends. She wanted to see the big boy and the big boy. She wanted to see the big boy and the big boy. She wanted to see the big boy and the big boy. The boy was scared and didn't know what to do. He wanted to help the boy find his way back home. He was so happy to have his friends and they all had a great time playing together.

Once upon a time, there was a little girl named Lily. She lov",500,1.0880756378173828,459.5268771966729
There was a small dragon,temperature_0.8,"There was a small dragon named Daisy. Daisy was holding a picture of a small fruit. Daisy looked everywhere, but she couldn't find it. She was brave, so she went to get her magical package. When she found the box, Lily was so happy!

""I think it was a fire joke!"" Tom said. ""Let's go home.""

He ran to the box and opened the box. He opened the box and saw a picture of animals with a wire and a shiny horn. He tried to open it, but it was too late. The box was so big and mean.

""What is that?"" Jen asked.

Jenny thought for",500,1.2410624027252197,402.88062784116397
Tom went to the forest,greedy,"Tom went to the forest with his mom. They saw a big building with many things. They were scared and scared. They did not know what to do.

""Mom, what is that?"" Lily asked.

""It is a bad dog. It is a bad dog. It is not a bad dog. It is a bad dog. It is bad. It hurts a lot. It hurts a lot. It hurts the dog. It barks. It barks and runs away.

Tom and Lily are scared. They do not want to go home. They do not want to go home. They do not want to go home. They do not want to go home.

They say sorry to each other. They say",500,1.067359209060669,468.4458575478313
Tom went to the forest,temperature_0.8,"Tom went to the forest with his paws and was very happy. He loved to play with them all day long. One day, Tom went to the park with his mom. They saw a big truck that looked green and bright. The truck was very heavy. Tom did not like the truck anymore. He thought it would be fun to swim and jump on the swing and bark loudly.

The next day, Mia went home and opened the door. She saw a balloon standing near the tree. But she did not say anything. She did not like Mia and Max or the tree.

Mia said she wanted to pick ",500,1.4031553268432617,356.33973690202305
In a tiny village,greedy,"In a tiny village, there was a little girl named Lily. She loved to play outside in the sunshine. One day, she saw a big box of colorful colors on the ground. She wanted to see what was inside.

She went to the colors and saw a big box. She was so excited to see what was inside. She wanted to see what was inside. She wanted to see what was inside.

She saw a big box of colorful colors on the table. She wanted to see what was inside. She wanted to see what was inside. She asked her mom if she could go outside and",500,1.0746445655822754,465.2701144299601
In a tiny village,temperature_0.8,"In a tiny village when there was a girl called Sue. Sue was three years old and liked to play with her toys.

One day, there was a bee named Ben. Bee loved to play in the park with his friends. One day, Ben and Mia got an interesting new place to see what it was to do. They all went to the park and saw a picture of a bird with a tree. The bird had seen Bunny reply.

""Wow, Bunny, that is so much fun!"" Bunny said. The bird was so happy and started to feel better. He thanked Bunny for continued himself and watched ",500,1.2023158073425293,415.8641156894932
