prompt,method,distinct_1,distinct_2,distinct_3,repeated_4gram_rate,generation_tokens_per_sec
Once upon a time,greedy,0.06,0.22845691382765532,0.3132530120481928,0.6438631790744467,431.9061828542172
Once upon a time,temperature_0.8,0.078,0.374749498997996,0.6606425702811245,0.22132796780684105,351.8922780932143
"One day, a little girl",greedy,0.064,0.2545090180360721,0.40963855421686746,0.482897384305835,483.20628486690094
"One day, a little girl",temperature_0.8,0.076,0.4168336673346693,0.7208835341365462,0.15090543259557343,405.60510657918456
There was a small dragon,greedy,0.066,0.30861723446893785,0.4718875502008032,0.43661971830985913,459.5268771966729
There was a small dragon,temperature_0.8,0.08,0.39478957915831664,0.6726907630522089,0.1851106639839034,402.88062784116397
Tom went to the forest,greedy,0.058,0.2565130260521042,0.42168674698795183,0.4869215291750503,468.4458575478313
Tom went to the forest,temperature_0.8,0.068,0.33867735470941884,0.608433734939759,0.23943661971830985,356.33973690202305
In a tiny village,greedy,0.06,0.2605210420841683,0.39558232931726905,0.5412474849094567,465.2701144299601
In a tiny village,temperature_0.8,0.07,0.3687374749498998,0.642570281124498,0.20724346076458752,415.8641156894932
