epoch,train_loss,train_accuracy,val_loss,val_accuracy,generalization_gap,perplexity,bits_per_character,mean_grad_norm,max_grad_norm,nan_count,learning_rate,epoch_seconds,train_tokens_per_sec,global_step
1,1.3605574311221178,0.597254252904684,0.8443580085039138,0.733038330078125,-0.516199422618204,2.326483752249171,1.2181511116034778,0.8076900257112427,6.77770471572876,0,0.00039754503461249003,93.59634494781494,957171.052458833,5468
2,0.8556850954574133,0.7297988701843395,0.7712978333234787,0.7552783203125,-0.08438726213393466,2.1625710901113284,1.1127475591841849,0.38777752315756037,0.48270031809806824,1,0.000378305275217168,91.7956612110138,975947.1288524377,10936
3,0.8034092123676759,0.7455629071094035,0.7413782900571824,0.764144287109375,-0.062030922310493564,2.098826313296477,1.0695827824882365,0.34034449267108285,0.3823569416999817,1,0.0003419106828926334,90.66549801826477,988112.5009863438,16404
4,0.7771910041265446,0.7534004998364061,0.7238047659397125,0.7694879150390626,-0.05338623818683208,2.0622647372644423,1.0442295463930202,0.32652157677580834,0.3658349812030792,2,0.00029230517643753453,96.11301589012146,932108.0102451334,21872
5,0.7599828236170205,0.7585248409960509,0.710866607427597,0.773563232421875,-0.04911621618942352,2.035754694572134,1.0255637292693558,0.32723803212636127,0.3679833710193634,3,0.00023486428218501986,97.59901809692383,917916.1199248137,27340
6,0.7469355951457801,0.7623805037012219,0.7005533558130265,0.7766973876953125,-0.04638223933275365,2.014867337602243,1.0106848523095748,0.3376120391507162,0.37427785992622375,3,0.0001758126123146562,97.68110156059265,917144.7758953432,32808
7,0.736256654147432,0.765553316061917,0.6918112802505493,0.779295654296875,-0.044445373896882745,1.9973299832164142,0.9980727032485124,0.35386632994618816,0.4062066376209259,2,0.00012154933153796322,97.60809254646301,917830.7829072146,38276
8,0.7276385602675481,0.7680905055371879,0.6849071913957596,0.78150146484375,-0.04273136887178852,1.983587732985255,0.9881122084958506,0.37312479793534625,0.41693389415740967,3,7.795470830864918e-05,97.51706147193909,918687.5675676427,43744
9,0.7210825861764809,0.7700875762961777,0.6805231326818466,0.78267822265625,-0.0405594534946343,1.974910602322642,0.9817873487303223,0.39204298171354135,0.4450693130493164,2,4.975289649388577e-05,97.37974095344543,919983.0593391022,49212
10,0.7170937750447642,0.7712357248279764,0.6787674951553345,0.7831182861328125,-0.038326279889429715,1.9714464169743902,0.9792544991772246,0.4087015800048535,0.4550449848175049,3,4e-05,97.94749593734741,914650.3557100144,54680
