step,fid_b2a,mifid_b2a,score_b2a,fid_a2b,mifid_a2b,score_a2b,quick_score,peak_memory_mb
5000,162.46518501459562,0.4419605618547333,81.45357278822517,159.74894252707628,0.465602900874581,80.10727271397543,80.7804227511003,10653.72509765625
10000,157.18554229253527,0.4364408360418923,78.81099156428859,156.49293290085797,0.45162410749068593,78.47227850417433,78.64163503423146,10653.72509765625
15000,149.0871096753092,0.4360923014160333,74.76160098836262,133.03172342493139,0.4448246256646218,66.738274025298,70.7499375068303,10653.72509765625
20000,135.02794042950575,0.43671064743242793,67.73232553846908,126.9281747797985,0.4374766727042907,63.682825726251394,65.70757563236023,10653.72509765625
25000,126.41772719204289,0.43213455843342463,63.424930875238154,124.69106337153397,0.4346801408050891,62.56287175616953,62.99390131570384,10653.72509765625
30000,121.02565801044284,0.4307474298450591,60.72820272014395,121.33162742029461,0.4314666718768903,60.88154704608575,60.80487488311485,10653.72509765625
35000,116.97241561227273,0.42512423354299994,58.698769922907864,118.70783391467052,0.43109227454992377,59.56946309461022,59.13411650875904,10653.72509765625
40000,107.41157048180389,0.4223775076205197,53.91697399471221,111.40962575862955,0.4292872864605175,55.91945652254503,54.91821525862862,10653.72509765625
45000,107.90043067759217,0.4232546009107402,54.161842639251454,111.77897692481872,0.43136466677319313,56.10517079579596,55.1335067175237,10653.72509765625
50000,102.87547838341305,0.4185040442567497,51.6469912138349,107.99062342588553,0.43055642866305505,54.21058992727429,52.9287905705546,10653.72509765625
55000,100.63561964820462,0.41729195680444664,50.526455802504536,105.09351280200656,0.4293299319597706,52.761421366983164,51.64393858474385,10653.72509765625
60000,99.88974927795817,0.41701854668975274,50.15338391232396,103.6833652851428,0.42865663550731625,52.056010960325054,51.10469743632451,10653.72509765625
65000,100.78124951513126,0.4186856468592696,50.59996758099527,100.2161726224785,0.42507512859141305,50.320623875534956,50.46029572826511,10946.09423828125
70000,98.50878866161185,0.4155294862771436,49.46215907394449,98.55362426929432,0.42399207878203643,49.488808174038176,49.47548362399134,10946.09423828125
75000,96.99750754931091,0.41403594577667974,48.70577174754379,97.13336966819622,0.4244436726987842,48.778906670447505,48.742339208995645,10946.09423828125
80000,97.12817387854108,0.4139529402766494,48.77106340940886,95.60596612084763,0.4235249251307538,48.01474552298919,48.39290446619903,10946.09423828125
