category,id,review,label,prob,slice,top_attention_words,error_type
confident false positive,29330,"Wow love the place and everything is very clean and new! Great place to come and relax worth a try! Cheers, Eric Van Nguyen Visited April 2012",0,1.0,short,,
confident false positive,9565,"Not a very fun place to stay. The place is inexpensive and feels that way, as well. It's a great room if you're just planning to sleep there, and nothing else. It's a place to hold your stuff as you enjoy the rest of your vacation. The shows at the LVH are a hit or miss. Raiding the Rock Vault was r...",0,0.999,"medium, has_negation",,
confident false positive,408,"Though I'm a Copper enthusiast when it comes to getting my Indian fix in Charlotte, I'd heard that Maharani was a cheaper but tasty option, so we ordered from there a few nights ago. Copper is definitely still my place, but Maharani was fine enough. First of all, the food came very quickly, which is...",0,0.999,"medium, has_negation, has_contrast",,
confident false positive,18122,"20 years for me and sad to see them go. Sadder still to see a great traditional Japanese sushi restaurant end, and not carry on the tradition. We would go here for consistently great fresh fish and great service. They have also trained many young sushi chefs through the years here in Phoenix. Great ...",0,0.999,"medium, has_negation, has_contrast",,
confident false positive,4488,It's good. The rolls are better than the sashimi although one time we had some really nice(and surprising) maguro. We always get the hamachi jalapeño roll and some sashimi so don't get me wrong when I say the rolls are better than the sashimi. It's still enjoyable. Good atmosphere and my girl likes ...,0,0.999,"medium, has_negation, has_contrast",,
confident false negative,16148,"The employees at this Target seemed unusually friendly during my last visit. Two of them asked if they could help me find anything, the cashier was perky and personable, and the security guard offered to put my shopping cart back for me as I was walking out with my bags. Maybe I've gotten too used t...",1,0.001,"medium, has_negation, has_contrast",,
confident false negative,22807,"EDIT: They really did change the service up since I last posted this. Horrible service. Used to be my favorite pizza in the city (at a reasonable price), but I'm rethinking that. We just had an altercation with a server who refused to split a check when we were paying with cash. He then proceeded to...",1,0.001,"medium, has_negation, has_contrast",,
confident false negative,19078,"I was so looking forward our dinner here. I took my husband here for his 30th birthday and I waited for this day like a kid that's ready to meet Mickey & Co. Few hours prior to our dinner, I ended up having the worst stomach ache and I couldn't even try anything, other then a bite of caviar(YUMMO), ...",1,0.001,"medium, has_negation",,
confident false negative,30793,"This place is so much better since they changed owners. My wife and I went when it was the old owners, it was terrible. We waited forever and the food never came before we walked out. People were served before us that walked in after and my wife actually got her soup before me and I sat and waited w...",1,0.001,"medium, has_negation, has_contrast",,
confident false negative,11808,"It was Anniversary time! But we didn't' want to spend a ton of money on food or booze. Plus, were weren't interested in going to a show at the time. So, what to do? Aquarium! Don't get me wrong: This place is TINY! Narrow walk ways and close quarters in general. Even the exhibits are small. I do hop...",1,0.001,"long, has_negation, has_contrast",,
near-threshold error,17826,Great pizza. I had two different pizzas. One was the Manhattan. I can't recall what the other pizza was. I came here after shopping at the Las Vegas outlet. The employees were nice. The decor is interesting and fitting. The pasta servings is enough to feed at least two people. Might be much for one ...,1,0.5,"medium, has_negation","reason (0.03), great (0.03), minut (0.03), minut (0.03), not (0.03)",
near-threshold error,9722,This place is all about the hotel and the shops. It's a great place to visit and have fun. They are more expensive than a lot of the other casinos. The Bourbon Room (bar) is a total rip off. Don't order a beer or a drink there. You'll pay more than you think.,1,0.5,"medium, has_negation","not (0.08), rip (0.08), bar (0.07), total (0.07), room (0.06)",
near-threshold error,33202,"For a long time, On the Roxx was the only place to go in Ballantyne for nightlife. Good thing times have changed. I've been here a several times, from Happy Hours to late nights and was never impressed. I was a patron by necessity. It's hidden behind Johnston Road and rightfully so. In the dozen or ...",0,0.5,"medium, has_negation, has_contrast","also (0.03), care (0.03), patron (0.03), odor (0.03), not (0.03)",
near-threshold error,34933,AVOID this company. Very slow service. I would give them 0 stars. If you want to get to the airport on time you're better off taking a cab. Must book return trip a day in advance. Not refunded for unused return trip (reason was a nonexistent disclaimer).,0,0.501,"short, has_negation","return (0.06), unus (0.06), not (0.06), 0 (0.06), star (0.05)",
near-threshold error,34984,"I have visited quite a few nail salons in the Charlotte area and I typically get a manicure or pedicure every few weeks. My friend comes here and recommended it so I came in. Similar to other experiences we went to the nail bar and I had a gentleman ask what service I wanted and like usual, I asked ...",0,0.501,"long, has_negation","star (0.03), not (0.02), two (0.02), hiccup (0.02), servic (0.02)",
slice error (short),22962,"Pros: Broad menu selection. Cons: Unrealistic beer prices... at least, for Guinness. At $6.50 per (imperial) pint, it's the most expensive Guinness in Charlotte.",0,0.593,short,"price (0.10), least (0.09), beer (0.07), unrealist (0.07), select (0.07)",
slice error (short),24888,Lovely place in the middle of nowhere. Bottom floor is the bar and the second floor is a game area. Appetizers were good and cold beer.,1,0.333,short,"nowher (0.10), bottom (0.10), middl (0.08), place (0.08), floor (0.07)",
slice error (short),36963,"God love em, they have tried. The casino still is under construction, the rooms still....well...from the 80s and the machines tight as bell but still cheap and a place to lay your head.",0,0.976,"short, has_contrast","cheap (0.07), place (0.07), still (0.07), lay (0.06), love (0.06)",
slice error (short),5329,A small coffee is now $2.50 Lol.,0,0.666,short,"lol (0.22), 50 (0.21), 2 (0.21), small (0.19), coffe (0.18)",
slice error (short),7719,Terrible coffee. Like real bad. My friend's tres leches looked solid. And it offered a good view of the cheesy gondoliers at the Venetian.,0,0.528,short,"terribl (0.13), venetian (0.09), coffe (0.08), good (0.07), gondoli (0.07)",
