epoch,step,train_loss,val_loss,epoch_time,nan_losses,grad_spikes,grad_norm_mean,grad_norm_max,tokens_per_sec,peak_memory_mb
1,5536,0.9803564077232442,0.6750191320546631,266.67216515541077,0,0,0.44084612713760635,10.036096572875977,350534.9409392377,3925.2421875
2,11072,0.6706107189889589,0.6238563626471822,282.21452593803406,0,0,0.20826617010325366,0.25934141874313354,330653.58993729553,3925.2421875
3,16608,0.6314492903089937,0.5982117711257035,260.7256906032562,0,0,0.18045899708017793,0.20769795775413513,358721.85218925023,3925.2421875
4,22144,0.6089113055690692,0.5825674921062917,261.4053723812103,0,0,0.1742466949895455,0.20102079212665558,358044.75268082734,3925.2421875
5,27680,0.5922542731519896,0.568846028149473,265.78097319602966,0,0,0.1770601709820115,0.1961139589548111,351949.3066568238,3925.2421875
6,33216,0.5780174533346657,0.5586027500505324,268.91178941726685,0,0,0.1854722877975144,0.20520687103271484,347988.06080670474,3925.2421875
7,38752,0.5652381768073306,0.5491269574696764,269.7441203594208,0,0,0.19793501962245458,0.22178024053573608,347271.8450543814,3925.2421875
8,44288,0.5538975035050356,0.5412694428625421,280.7929537296295,0,0,0.21340990873495105,0.23943333327770233,332843.9088478221,3925.2421875
9,49824,0.544825123849115,0.5359814646055036,280.2452600002289,0,0,0.22966234374393016,0.25760558247566223,333257.95538399206,3925.2421875
10,55360,0.5388125315566973,0.5331978477710393,281.5698730945587,0,0,0.24533585626147472,0.2801055312156677,332335.49544714263,3925.2421875
