model,slice,n,macro_f1,error_rate
textcnn,short,8941,0.9265738757604349,0.07023822838608662
textcnn,medium,21265,0.9350571560180919,0.06494239360451448
textcnn,long,7794,0.9343284669572918,0.06184244290479857
textcnn,has_negation,27868,0.9315843358324956,0.06609731591789869
textcnn,has_contrast,22451,0.9275720761258299,0.07175626920849854
dpcnn,short,8941,0.9251673056431959,0.07135667151325353
dpcnn,medium,21265,0.9315649823372258,0.06842229014813073
dpcnn,long,7794,0.921096823887017,0.07428791377983068
dpcnn,has_negation,27868,0.9255050632877555,0.07219750251184154
dpcnn,has_contrast,22451,0.9194124122663971,0.07995189523851942
transformer,short,8941,0.9164472045666858,0.08030421653058939
transformer,medium,21265,0.9212313579977593,0.07876792852104397
transformer,long,7794,0.9115284623606148,0.08249935848088275
transformer,has_negation,27868,0.9122867576635884,0.08439787569972723
transformer,has_contrast,22451,0.9080611861478693,0.09090909090909094
