name,fid_b2a,mifid_b2a,score_b2a,fid_a2b,mifid_a2b,score_a2b,quick_score,domain,n,fid,mifid
ft_c1_165000,98.82432898171112,0.4051606357097626,49.61474480871044,104.27224418482537,0.42253392934799194,52.34738905708668,50.98106693289856,,,,
ft_c1_170000,98.05486769216898,0.40506038069725037,49.22996403643312,105.64477141790297,0.42271503806114197,53.03374322798206,51.13185363220759,,,,
ft_c1_175000,98.27087712696363,0.4037502408027649,49.337313683883195,105.15591841984809,0.42360720038414,52.789762810116116,51.063538246999656,,,,
ft_c1_180000,99.71409572536454,0.40461266040802,50.05935419288628,102.88528694441327,0.4221040904521942,51.65369551743273,50.856524855159506,,,,
ft_c25_155000,97.97414909572433,0.4075039029121399,49.190826499318234,105.38554608864487,0.42376428842544556,52.90465518853516,51.0477408439267,,,,
ft_c25_160000,100.00962562964975,0.4092984199523926,50.20946202480107,103.42425410275266,0.4246669113636017,51.92446050705813,51.0669612659296,,,,
ft_c1_180000_raw,99.18419219851522,0.40334847569465637,49.79377033710494,103.53301363439866,0.42118367552757263,51.977098654963115,50.88543449603402,,,,
ft_c1_180000_ema_fromlast,99.71409572536454,0.40461266040802,50.05935419288628,102.88528694441327,0.4221040904521942,51.65369551743273,50.856524855159506,,,,
avg_175000_180000,98.56161790329921,0.4033680558204651,49.48249297955984,103.62289867292466,0.4220394790172577,52.02246907597096,50.7524810277654,,,,
avg_170000_175000_180000,98.3258512153644,0.403929203748703,49.36489020955655,104.20521196983898,0.42268136143684387,52.313946665637914,50.83941843759723,,,,
avg_165000_170000_175000_180000,98.04215643004724,0.40521150827407837,49.22368396916066,103.78132778413342,0.4231179654598236,52.102222874796624,50.66295342197864,,,,
avg_160000_165000_170000_175000_180000,98.5899077775027,0.4054209887981415,49.49766438315042,102.88812450575963,0.42271336913108826,51.65541893744536,50.57654166029789,,,,
floor_photo_n100,,,,,,,,photo,100.0,132.02030086559603,0.4360164403915405
floor_monet_n100,,,,,,,,monet,100.0,124.58515751630452,0.3941613733768463
floor_photo_n150,,,,,,,,photo,150.0,115.43596653610297,0.4357859790325165
floor_monet_n150,,,,,,,,monet,150.0,105.11922603392887,0.39746496081352234
floor_photo_n200,,,,,,,,photo,200.0,100.13959416676084,0.43550896644592285
floor_photo_n300,,,,,,,,photo,300.0,80.53978595110968,0.4355766177177429
