run,step,FID_A2B,MiFID_A2B,FID_B2A,MiFID_B2A,leaderboard_score
gpu_ft_id1,105000,105.59083393047729,0.42329809069633484,107.35272868809957,0.4166461229324341,-53.44587670805141
gpu_ft_id1,110000,105.70274455057645,0.4238809049129486,107.28694770454233,0.41525864601135254,-53.45720795151077
gpu_ft_id1,115000,105.86341404288109,0.4256775975227356,106.36081070666714,0.4156070053577423,-53.266377338107176
gpu_ft_id1,120000,104.58436886510631,0.42439472675323486,106.34055739993887,0.41556721925735474,-52.94122205276395
gpu_ft_c5,125000,103.43158406055358,0.4219743311405182,106.80724014903879,0.4142838418483734,-52.768770595645314
gpu_ft_c5,130000,103.50870252952048,0.4235299229621887,104.39760294188633,0.4119776785373688,-52.185453268226595
gpu_ft_c5,135000,104.45945391656365,0.42466264963150024,102.78436357027927,0.4098227024078369,-52.01957570972056
gpu_ft_c5,140000,103.69068917952313,0.4236510097980499,104.05251546029749,0.4105825126171112,-52.144359540558945
gpu_id05_sn,5000,163.2798483814592,0.4549437463283539,157.24243086537723,0.4185985326766968,-80.34895538146037
gpu_id05_sn,10000,135.69644865520436,0.4369334876537323,129.6838564453791,0.4168627858161926,-66.55852534351334
gpu_id05_sn,15000,131.64778001568882,0.4361475110054016,118.36297928073401,0.41317829489707947,-62.71502127558133
gpu_id05_sn,20000,123.62300936896784,0.4327641725540161,112.02737260526524,0.41087988018989563,-59.12350650674425
gpu_id05_sn,25000,120.96750401285884,0.4310281276702881,111.63071567149572,0.4143950939178467,-58.36091072648567
gpu_id05_sn,30000,119.34417274610169,0.42850539088249207,112.24436068664329,0.41380196809768677,-58.10771019793129
gpu_id05_sn,35000,117.78692962360891,0.4282292127609253,112.24076977452046,0.41207391023635864,-57.71700063028166
gpu_id05_sn,40000,114.24833453820102,0.4249390959739685,112.52537007210242,0.4137840270996094,-56.903106933344255
gpu_id05_sn,45000,113.27696543459872,0.4266572594642639,110.16948116124792,0.4115193784236908,-56.071155808433645
gpu_id05_sn,50000,111.98896107068865,0.42588484287261963,109.79320845387163,0.41273489594459534,-55.655197315844376
gpu_id05_sn,55000,110.73703139342165,0.42752760648727417,108.44889368499139,0.411033034324646,-55.00612142980624
gpu_id05_sn,60000,112.28891424654125,0.42824891209602356,109.56672502392013,0.4116160273551941,-55.67387605247815
gpu_100k_original,100000,107.05789713869362,0.4248911142349243,107.58795952728093,0.41709384322166443,-53.871960405857784
