g_adv,cycle,identity,d_a,d_b,grad_g,grad_d_a,grad_d_b,step,lr,nan_count,images_per_sec,seconds
0.7527525392174721,0.6592816762626171,0.6447684279084206,0.35217325925827025,0.34810260228812695,41.68047912597656,7.526435162425042,7.583691053390503,200,0.0002,0,5.553048803325942,72.03250217437744
0.6245743791759014,0.5642940877377987,0.5493712037801742,0.25679727874696257,0.26070740304887297,33.34124206542969,5.6458250445127485,5.364002559185028,400,0.0002,0,10.863933385344682,36.819077014923096
0.6423469169437885,0.5490080213546753,0.5286534847319126,0.24816644109785557,0.24647033046931027,31.36841007232666,6.377295972108841,5.709869191646576,600,0.0002,0,10.561597684191307,37.87305784225464
0.6247810895740986,0.5493045249581336,0.5277429328858853,0.2462865312770009,0.25492568507790564,30.626393547058104,6.036979335546493,5.8993220525979995,800,0.0002,0,10.829101886827138,36.937504529953
0.6543436151742935,0.5221113236248494,0.5032410149276256,0.2501069048792124,0.24876837331801652,27.639203319549562,6.724179887771607,6.378326312303543,1000,0.0002,0,10.694550511731828,37.40222644805908
0.6379414875805378,0.4892267795652151,0.47155163422226903,0.23677932433784007,0.24903454173356296,26.76974503517151,5.281350761651993,5.474415627717971,1200,0.0002,0,10.865068364471755,36.81523084640503
0.6487664713710547,0.4726148796081543,0.4620502634346485,0.22564360909163952,0.2529526448249817,25.572350096702575,6.693986471295357,4.730805950760842,1400,0.0002,0,10.716446993403354,37.325803995132446
0.6908481871336698,0.4659793016314506,0.46706893652677534,0.23454179398715497,0.2434537586569786,26.169634428024292,6.741868349313736,5.992566856145859,1600,0.0002,0,10.339933908723083,38.684966802597046
0.7699734899401665,0.48947050273418424,0.4812970866262913,0.21195650760084392,0.25189488392323256,28.785313363075257,8.003891526460647,5.117212392687797,1800,0.0002,0,9.686796589319195,41.29332089424133
0.7153519202768802,0.4475229103863239,0.45689389705657957,0.22106926817446948,0.2479131057113409,25.930751867294312,7.842163383960724,5.449122934937477,2000,0.0002,0,10.354747911115277,38.62962222099304
0.7289108598232269,0.47067523300647734,0.47240508675575255,0.20664105026051402,0.2508965863287449,26.744233283996582,7.877852131128311,4.5462284243106845,2200,0.0002,0,10.567672007166045,37.85128831863403
0.7333768692612648,0.46789557844400403,0.48163061499595644,0.20718829438090325,0.24263392440974713,28.255063185691835,8.371277503371239,5.061695852279663,2400,0.0002,0,10.405396714922661,38.441590547561646
0.781544656381011,0.4407756803929806,0.4503427122533321,0.19854978121817113,0.24826123047620058,27.32831150531769,8.457628402709961,5.358561740517616,2600,0.0002,0,12.603051360998592,31.738345623016357
0.704378314614296,0.41132082089781763,0.4216752670705318,0.22177018595859407,0.24525343246757983,24.33200794696808,8.107000819444657,4.35475541472435,2800,0.0002,0,16.45511260102215,24.30855441093445
0.682167696505785,0.41843778736889364,0.41963817723095415,0.21476676126942038,0.2512799930199981,24.96592960357666,8.000315638780593,4.600420746207237,3000,0.0002,0,17.16699203924121,23.30052924156189
0.6236145314574242,0.4206816632300615,0.43369681894779205,0.24166581828147174,0.24893240533769131,24.247447576522827,5.96113665997982,5.070748584270477,3200,0.0002,0,16.462021138289607,24.29835295677185
0.6732929302752018,0.3868377471715212,0.4005430106818676,0.2347456793859601,0.24560171782970427,23.24097990512848,6.681906440258026,5.005432274341583,3400,0.0002,0,15.932440106353676,25.10600996017456
0.6994160745292902,0.41253648936748505,0.42222659051418304,0.22419469537213443,0.2446926475688815,23.34434284210205,6.83221776008606,4.8395307749509815,3600,0.0002,0,15.92597487269114,25.116201877593994
0.6476814499497414,0.3938732938468456,0.40363610461354255,0.2406905993260443,0.2433906900137663,22.855981206893922,6.155826300382614,4.834678376913071,3800,0.0002,0,13.228118750219142,30.23861575126648
0.6811851394176484,0.39765766128897667,0.4032738350331783,0.2451733559370041,0.2338048103451729,22.986429343223573,6.654317493438721,5.444829844236374,4000,0.0002,0,15.32847240842879,26.095229148864746
0.6825530275702476,0.3993200159072876,0.41016786128282545,0.22915617555379866,0.24216728903353213,23.738533811569212,6.080017201900482,5.28359015583992,4200,0.0002,0,10.825018096846048,36.95143938064575
0.6530402600765228,0.3991139490157366,0.4186767443269491,0.2397838118672371,0.2426527662575245,24.047253794670105,6.530282037258148,4.706073955893516,4400,0.0002,0,10.455383125904431,38.25780415534973
0.6769409064948558,0.3925664682686329,0.4025031965970993,0.2171616091951728,0.2342690285295248,23.6788547706604,6.7706432223320006,4.856900108456611,4600,0.0002,0,10.149973563038126,39.40896964073181
0.7211248882114887,0.37356307335197925,0.3892031852155924,0.21739143969491123,0.23956765878945588,22.82477046251297,7.63241602897644,5.108705585002899,4800,0.0002,0,10.354961242348764,38.628826379776
0.7040414248406887,0.4013323255628347,0.4166927223652601,0.22146767303347586,0.24110920641571285,23.196654300689698,6.517365960478783,5.298801557421684,5000,0.0002,0,9.371182637686005,42.68404698371887
0.7048589880019427,0.38012383729219434,0.39602133072912693,0.22606482550501825,0.23763368461281062,23.250980291366577,7.038016456365585,4.997226725816727,5200,0.0002,0,10.486359557607706,38.14479160308838
0.7451678980886937,0.3838864993304014,0.40152327992022036,0.22872611977159976,0.237141727656126,23.21645815849304,8.309938297271728,5.137907418012619,5400,0.0002,0,10.477217989655646,38.17807364463806
0.7231713463366032,0.36898629426956175,0.37929399356245996,0.19868574665859343,0.2438047755509615,22.04601851940155,7.543932478427887,4.600660110116005,5600,0.0002,0,10.43739487346674,38.32373929023743
0.7154461041092872,0.39535817205905915,0.41928222686052324,0.23844468174502254,0.24341151710599662,23.17750928401947,7.2690992248058315,4.6792241728305815,5800,0.0002,0,10.292176068480462,38.86447310447693
0.7121122244000435,0.37183387979865073,0.39197737962007523,0.20822471341118218,0.2293812980875373,22.811438994407652,7.3459820759296415,4.968527982831001,6000,0.0002,0,10.176740970659214,39.30531406402588
0.7307705578953028,0.36148321725428106,0.4045690765976906,0.20538917552679778,0.23568905007094146,22.940502161979676,7.872163833975792,4.918514524698257,6200,0.0002,0,10.306071770702298,38.81207203865051
0.7996265141665936,0.3589899218082428,0.3882626317441463,0.20486804300919176,0.23084054794162512,22.64818564891815,8.817082164287568,4.62569629907608,6400,0.0002,0,10.38396373204272,38.52093577384949
0.7351819055527449,0.37256474025547504,0.39503533013165,0.2210297985561192,0.23805185947567226,22.19278872013092,7.563191380500793,5.022039040923119,6600,0.0002,0,9.6671360999479,41.37730097770691
0.6861298897862435,0.3588298662751913,0.37523155607283115,0.2027876153960824,0.24001987963914873,22.728026309013366,7.9808009040355685,4.784531990885735,6800,0.0002,0,9.91019530541952,40.36247396469116
0.7321074668318033,0.36921288520097734,0.3917516350001097,0.20870380412787198,0.23486883830279112,23.366698365211487,7.623488892316818,4.893517643809319,7000,0.0002,0,10.58864469857173,37.77631711959839
0.720344394147396,0.35919891715049745,0.3980329018086195,0.22356349688023328,0.24551299447193742,23.706402859687806,7.903946624994278,4.404920527935028,7200,0.0002,0,10.642986174001988,37.58343696594238
0.6807883621752262,0.3555521557480097,0.3945832562446594,0.23055192586034537,0.23669943260028958,21.877568244934082,6.619373192787171,4.441865565180779,7400,0.0002,0,9.620580255559508,41.57753372192383
0.6652890798449517,0.3601411321759224,0.39211927078664305,0.23137188076972962,0.23179232090711593,20.897229537963867,7.010508642196656,4.793168681263924,7600,0.0002,0,9.826819256768283,40.704931020736694
0.703006380237639,0.3617766658216715,0.383255173638463,0.2197970957867801,0.23547077760100366,21.867740592956544,6.5667524802684785,4.567332624793052,7800,0.0002,0,10.572830230557141,37.83282160758972
0.6793605703860521,0.35274135261774064,0.39574199631810186,0.22242720909416674,0.2336189996637404,21.726523637771606,6.729230864048004,4.7702737033367155,8000,0.0002,0,10.444869836041935,38.2963125705719
0.7167705665528774,0.3597626942396164,0.3918949689716101,0.22419640304520727,0.2395296997204423,21.126454038619997,6.690309135913849,4.224741714596749,8200,0.0002,0,10.466007047012365,38.218969106674194
0.7034506048262119,0.3617174610495567,0.3942041882872582,0.2191826024465263,0.2361637884005904,21.5603271484375,6.382394384145737,4.369661675691605,8400,0.0002,0,10.584407004040376,37.791441679000854
0.7086995436996222,0.34646144822239877,0.37305624775588514,0.23689913105219604,0.23426552260294556,21.89682189464569,6.836947175860405,4.59652604341507,8600,0.0002,0,10.682253102353272,37.44528388977051
0.6983433505892753,0.33906819477677347,0.3685486078262329,0.22276715422049165,0.23201421981677414,21.278262357711792,6.347876136302948,4.54723448574543,8800,0.0002,0,10.881792994406524,36.75864815711975
0.6813840233534575,0.3422362143546343,0.3762654536217451,0.23110906759276986,0.23395515933632852,19.962771077156066,6.259799716472625,4.055353627800941,9000,0.0002,0,8.08307161130559,49.486138343811035
0.7069109532237053,0.3542442540824413,0.37799588948488233,0.22330600917339324,0.22275073796510697,20.87104926586151,5.568229380846024,4.719569965600967,9200,0.0002,0,9.650696454708687,41.4477858543396
0.6650713242590427,0.3535985091328621,0.37944073244929316,0.23069529818370937,0.24110076950863005,20.789664058685304,5.964617767333984,4.37312336564064,9400,0.0002,0,9.485223312536782,42.170857429504395
0.7130027578771114,0.3507522471249104,0.3790708077698946,0.22704350288957356,0.22852225452661515,21.126839771270753,5.562062460184097,4.229091713428497,9600,0.0002,0,10.20884967418082,39.18169164657593
0.701205622702837,0.34346976526081563,0.3793021888285875,0.23192278498783708,0.23067123588174582,20.765447793006896,6.270176210403442,4.150870031118393,9800,0.0002,0,10.543506521631311,37.938042640686035
0.7076705885678529,0.3318348107486963,0.38508040487766265,0.22368780426681042,0.23574255077168346,21.32942437171936,5.539870870113373,4.4877310049533845,10000,0.0002,0,10.589117664057463,37.77462983131409
0.6801397775858641,0.3286824441701174,0.3875136158615351,0.2348444651439786,0.23659775797277688,19.161650161743164,5.940188411474228,3.918551379442215,10200,0.0002,0,9.943774979767905,40.22617173194885
0.6497191076725721,0.3391089323908091,0.36946464993059636,0.2311042564921081,0.23696486424654722,20.347424597740172,5.714817802906037,4.139575506448746,10400,0.0002,0,9.07390481604508,44.08245491981506
0.647410013526678,0.3358097646385431,0.3826867348700762,0.23053973745554684,0.24773354835808278,20.311913743019105,5.651189720630645,3.674107327461243,10600,0.0002,0,9.46973358133477,42.23983669281006
0.6660288612544537,0.3358740495145321,0.3878963247686624,0.22984120523557067,0.23320103988051413,19.558094630241396,5.699652773141861,3.641433664560318,10800,0.0002,0,10.346853045193457,38.65909743309021
0.6183197586238385,0.3299582386761904,0.351284838989377,0.2352504525333643,0.24835529252886773,19.593724632263182,5.12970207452774,3.6264636743068697,11000,0.0002,0,10.513886749833153,38.044921875
0.7021491129696369,0.3353823349624872,0.35911255076527593,0.22830873068422078,0.2358937362767756,20.552727122306823,5.145490053296089,3.9953230834007263,11200,0.0002,0,10.471554028016742,38.198723793029785
0.6897173740714788,0.3562707743793726,0.3874612032622099,0.23196131719276308,0.22279455296695233,21.663835887908935,5.677254469394684,3.9054088443517685,11400,0.0002,0,10.189500465032319,39.25609517097473
0.6879593775421381,0.3488798967003822,0.3860514336824417,0.2388612512126565,0.24104395680129528,20.434827499389648,5.455365133285523,4.134380085468292,11600,0.0002,0,10.14166539960449,39.441253900527954
0.6628696177154779,0.31697811514139174,0.36684582017362116,0.23121201194822788,0.24156416857615112,18.823048326969147,4.961522013545037,3.7689389407634737,11800,0.0002,0,10.325291800670534,38.73982524871826
0.6926717262715101,0.34644993774592875,0.3819537107646465,0.22133389761671424,0.23527693543583156,20.94228971481323,5.130752667784691,3.7578114360570907,12000,0.0002,0,10.296297002286789,38.848918199539185
0.6470514691248536,0.3164584445208311,0.3578245438635349,0.23192189913243055,0.23644155418500304,18.85811330318451,5.6994554489851,4.203033630847931,12200,0.0002,0,9.893487484743192,40.43063688278198
0.6694329427182675,0.3151682815700769,0.35588268473744394,0.23349323524162174,0.24017734240740538,18.439762263298036,5.478475599288941,3.552576286792755,12400,0.0002,0,9.81263047612537,40.76378917694092
0.6549405097961426,0.2985578539967537,0.3641434644907713,0.24615612152963876,0.23881730660796166,18.068942618370055,5.081664416790009,3.62802984893322,12600,0.0002,0,9.890195950867847,40.44409251213074
0.6671242292225361,0.32037926346063617,0.37306119918823244,0.23311758324503898,0.23302197445183992,18.784550371170045,4.552987339496613,3.8529361522197725,12800,0.0002,0,9.870645029611172,40.524200677871704
0.6726370044052601,0.32293665535748006,0.3691613982617855,0.22403866712003948,0.23617853973060846,19.63451473236084,4.344477260112763,3.7772134280204774,13000,0.0002,0,9.676433615519505,41.337543964385986
0.6947394543886185,0.3179414250701666,0.35599165089428425,0.22084112463518976,0.236171358730644,18.548743419647217,4.859675757288933,3.6367893093824386,13200,0.0002,0,9.795587743870765,40.83471155166626
0.6524442490190268,0.31013401299715043,0.3567058366537094,0.2363022149913013,0.2470677014440298,18.333585610389708,5.105485064387321,3.286961608529091,13400,0.0002,0,9.749421476591976,41.02807545661926
0.6726291198283434,0.3124503520876169,0.35707615695893763,0.2262700823880732,0.23045619282871485,19.009091782569886,4.689459120035171,3.6893390864133835,13600,0.0002,0,9.615341047320046,41.60018849372864
0.6913870371878147,0.30218781225383284,0.3529934327304363,0.23190283197909595,0.2429793629795313,18.09294084072113,4.408724942803383,3.4986233919858933,13800,0.0002,0,8.60270714278598,46.49699139595032
0.6678399176895619,0.31605906285345553,0.36269360572099685,0.23304740430787205,0.2340624888986349,19.367015113830565,4.443182516694069,3.699099262356758,14000,0.0002,0,9.885422143807643,40.46362352371216
0.6502758707106113,0.3019762922823429,0.34736892461776736,0.23534378228709102,0.2362922852858901,18.227629613876342,4.607987111210823,3.631241663098335,14200,0.0002,0,9.924358632753437,40.304871559143066
0.6869653960317373,0.30895128145813944,0.34982370570302007,0.23237013414502145,0.22671299578621984,18.87253370285034,4.56526814699173,3.574583923816681,14400,0.0002,0,9.181075718076933,43.56787943840027
0.6838071509450674,0.3078173266351223,0.35673274904489516,0.2299963284470141,0.2409123492985964,18.435309295654296,4.491469844579696,3.202546480894089,14600,0.0002,0,9.91305997314025,40.350810050964355
0.6716327831149101,0.3111476455628872,0.35934812664985655,0.22042394138872623,0.24406836722046138,18.551306276321412,4.668094380497933,3.490365008711815,14800,0.0002,0,9.940397016371694,40.23984146118164
0.681259145066142,0.300403870716691,0.3418729442358017,0.22089565781876444,0.23947616769000887,18.212950825691223,5.252706656455993,3.4329040402174,15000,0.0002,0,9.865013635381889,40.54733371734619
0.6692601050436496,0.30711907625198365,0.3494335480034351,0.23041944386437535,0.24053106505423785,19.283775360584258,4.960683099627495,3.610968171954155,15200,0.0002,0,9.905240768435343,40.3826630115509
0.6731461900472641,0.2991288481652737,0.332422035112977,0.2257356468960643,0.23698303807526827,18.47954484462738,5.093281891047955,3.5531564223766328,15400,0.0002,0,10.041942000747477,39.83293271064758
0.6308311999589205,0.3042770452797413,0.36198972165584564,0.22728602403774859,0.24307436630129814,18.519386014938355,4.829478641152382,3.4033215832710266,15600,0.0002,0,9.92891874602892,40.28636050224304
0.6626946964859962,0.3023006116598845,0.3438162838667631,0.22567738899961115,0.2358609303832054,18.877834281921388,4.5302235716581345,3.1919547694921495,15800,0.0002,0,9.92832976770416,40.288750410079956
0.7318939924240112,0.29945958249270915,0.35189276568591593,0.20854228507727385,0.2294864596053958,18.36421117782593,4.667654772996903,3.6392970740795136,16000,0.0002,0,10.01015770016709,39.959410429000854
0.672452844157815,0.28898905977606776,0.34445375606417655,0.23016192115843295,0.2328346686810255,17.829274640083312,4.489129208326339,3.5665557277202606,16200,0.0002,0,9.72523878959371,41.13009548187256
0.718784056454897,0.3117971007525921,0.3551859468221664,0.21115545829758048,0.23332287749275565,19.21961212158203,4.358255894184112,3.5105319291353227,16400,0.0002,0,9.654587843430049,41.43107986450195
0.6634346877038478,0.2994942434132099,0.3532124441117048,0.22516045068390667,0.23095973510295154,18.31029740333557,4.903544415235519,3.393040103316307,16600,0.0002,0,9.53730933791523,41.940550088882446
0.7023329340666532,0.31123882248997686,0.3432767716795206,0.22626067535951733,0.24935365784913302,19.73476795196533,4.333868991136551,3.5320145857334135,16800,0.0002,0,9.574219286026612,41.77886343002319
0.6797930462658406,0.30208180636167525,0.3614425918459892,0.23310695506632328,0.2374765707552433,19.213540251255036,4.324594762325287,3.3180856317281724,17000,0.0002,0,9.53092879793079,41.96862745285034
0.6631664572656155,0.29860631123185155,0.36666871756315234,0.2314860580302775,0.22835173089057206,18.69829155445099,4.458940668106079,3.501979768872261,17200,0.0002,0,9.700368960234266,41.23554491996765
0.6551584642380476,0.2790670549869537,0.34539867214858533,0.23523760998621582,0.2303033360093832,17.629263067245482,4.101892961859703,3.6583210015296936,17400,0.0002,0,9.77216710273316,40.932578802108765
0.6773177853226662,0.2999186058342457,0.35223310597240926,0.21873452134430407,0.23925295330584048,18.695225710868836,4.491194027066231,3.340957265496254,17600,0.0002,0,9.933325784805524,40.268486976623535
0.6947541120648384,0.3015783740580082,0.3537888953834772,0.22044598564039916,0.23812132636085154,19.511885418891907,4.361816622912884,3.2759624242782595,17800,0.0002,0,9.878233803720484,40.49306869506836
0.6828252898156643,0.30015900522470473,0.3496591879427433,0.22292958345264197,0.23369573399424554,19.177437992095946,4.254691802859306,3.3289589059352873,18000,0.0002,0,9.90767789443042,40.372729539871216
0.680608038045466,0.2946651357412338,0.34449461460113523,0.22241326555609703,0.2316349414922297,18.259273324012756,4.267065979242325,3.4735784476995466,18200,0.0002,0,9.90545867112021,40.38177466392517
0.6681544569134712,0.29159386970102785,0.35222605407238006,0.22900582164525984,0.24156516578048468,17.8060258436203,4.206997509598732,3.6113638037443163,18400,0.0002,0,9.917525871555133,40.332639932632446
0.6633904836699367,0.28558673940598966,0.33534390188753604,0.2195146844536066,0.2353424952365458,17.588861479759217,4.2921277183294295,3.3941326785087584,18600,0.0002,0,9.848129499057865,40.61685013771057
0.6551696434617043,0.28270863741636276,0.34370202518999576,0.2307052755728364,0.23945473864674569,17.537107162475586,4.0907960128784175,3.270729899406433,18800,0.0002,0,8.591170532913326,46.55942964553833
0.6359925583004952,0.2888756507635117,0.3533088188618422,0.2368751471117139,0.2356790565699339,17.966982622146606,3.6775047087669375,3.5617365324497223,19000,0.0002,0,9.896397198010154,40.41874957084656
0.655926655381918,0.29514230631291866,0.3515011539310217,0.22485211444087327,0.22629105761647225,18.439081411361695,4.042125491499901,3.5739856803417207,19200,0.0002,0,9.8477994266984,40.61821150779724
0.6969584073126316,0.29751380302011965,0.34255179956555365,0.21738700158894061,0.24235200736671686,19.29216327905655,4.146267028450966,3.3383405911922455,19400,0.0002,0,9.85211141735435,40.60043406486511
0.6632878904789686,0.27948244400322436,0.33638763189315796,0.2369799995049834,0.22892703525722027,17.09925997018814,4.044015185832977,3.6155454868078234,19600,0.0002,0,9.868599208052904,40.53260159492493
0.6798106752336025,0.2702123485505581,0.33230795174837113,0.22552673207595944,0.23281971110031008,17.27279700756073,3.895462240576744,3.4340939462184905,19800,0.0002,0,9.952737651609857,40.1899471282959
0.6966316052526236,0.2826107986271381,0.3404222032427788,0.22560406420379878,0.22478803312405943,18.215356974601747,4.293978677392006,3.896949784755707,20000,0.0002,0,10.062667171530915,39.75089240074158
0.6406284808367491,0.2717299398034811,0.32793496787548065,0.24229840721935034,0.23022201986983418,17.78215049505234,3.896169244647026,3.73546012699604,20200,0.0002,0,9.937784477042864,40.25042009353638
0.6770608979463577,0.28185272485017776,0.3364714692533016,0.2194449543207884,0.22673795152455567,18.257052228450775,3.656309613585472,3.8136485022306443,20400,0.0002,0,9.919130536051954,40.326115131378174
0.6477865480631589,0.279606846049428,0.33837267495691775,0.22205570466816427,0.23812543720006943,17.496531734466554,3.9230329209566115,3.517991474866867,20600,0.0002,0,9.898728525664346,40.40923023223877
0.7125380734354257,0.2877048823237419,0.3421611515432596,0.22996409442275761,0.21644337859004736,18.127623715400695,3.6332673799991606,4.045572065114975,20800,0.0002,0,9.970283861505347,40.119218826293945
0.6964115817844868,0.2905043274909258,0.3494311547279358,0.22104565653949976,0.21891665499657392,18.687438979148865,3.924450745582581,3.9823774111270906,21000,0.0002,0,9.985208428707253,40.05925393104553
0.6918121653795243,0.2780179210752249,0.3390948559343815,0.221079174913466,0.2236029340699315,18.672677283287047,3.8778366303443907,4.055710520148278,21200,0.0002,0,10.001388981123329,39.994444847106934
0.6455681516975165,0.28028669640421866,0.33679399877786637,0.2189149863831699,0.2306821708381176,18.157281799316408,3.5767256414890287,4.115680389106274,21400,0.0002,0,9.980047953700407,40.079967737197876
0.7147471906244754,0.27148846194148063,0.3363775948435068,0.2235529307462275,0.21129625817760825,18.318406624794008,3.814602338075638,4.412063359022141,21600,0.0002,0,9.991719968206288,40.03314757347107
0.7196278008073569,0.2741075386852026,0.3231643956899643,0.2338123222067952,0.22153223602101207,19.276095838546752,4.019862947463989,4.67600745677948,21800,0.0002,0,10.063119183213217,39.749106884002686
0.723168117068708,0.2859764277935028,0.3333772212266922,0.2189616060256958,0.21467358185909688,19.161633660793303,3.5245083397626877,4.241493380665779,22000,0.0002,0,10.045841187265301,39.817471981048584
0.6947978314012289,0.2783981600403786,0.3370666118711233,0.23108926482498646,0.21761092057451606,19.217491693496704,3.9747039318084716,4.7399500232934955,22200,0.0002,0,9.981860580340294,40.07268953323364
0.7447073158621788,0.2751284185796976,0.33021694399416446,0.21915453435853124,0.2066235173679888,18.797742648124697,3.730436381101608,4.869095724821091,22400,0.0002,0,9.945419396914023,40.219520568847656
0.7419760465621948,0.26795286387205125,0.33752016827464104,0.22368711041286587,0.20724876867607236,18.512176258563997,3.6352931636571886,4.857664985060691,22600,0.0002,0,10.016341465335293,39.93474078178406
0.731160134151578,0.28172537684440613,0.33571286223828795,0.21564575374126435,0.20040785228833558,19.76099173069,3.83811566054821,4.747454061508178,22800,0.0002,0,10.033565993604483,39.86618518829346
0.7555214008688926,0.27184266671538354,0.3352927362918854,0.23633279899135232,0.21627879003062844,20.01627064704895,4.074338310956955,5.020404065847397,23000,0.0002,0,10.064939229294865,39.74191904067993
0.7368258373439311,0.27268896356225014,0.3326852679997683,0.21858810268342496,0.18913506626151502,19.84363097667694,3.6381909477710725,4.972896911501884,23200,0.0002,0,9.951055281976398,40.196741819381714
0.7059633521735669,0.2693968715518713,0.31966558486223223,0.22347349856048823,0.20380023482255638,20.401845464706422,3.5342804771661758,5.585764548182487,23400,0.0002,0,10.039690886582994,39.84186410903931
0.804068805873394,0.27974345318973065,0.3340781709551811,0.22780983292032034,0.18457178972661495,22.39754144191742,3.798746243715286,5.60786097407341,23600,0.0002,0,9.677466263487359,41.33313298225403
0.8110389456897974,0.27503728695213797,0.3326522121578455,0.21728940736502408,0.19405856034718455,21.60768895149231,3.7192304423451423,5.745640627741814,23800,0.0002,0,8.626408759715575,46.36923789978027
0.8097574550658464,0.2872546938806772,0.34646689616143705,0.22383574018254876,0.19435034852474928,22.14490906238556,3.611392593383789,5.631882229447365,24000,0.0002,0,7.787387317754356,51.36510920524597
0.7717506302893162,0.2741911114752293,0.3375402630120516,0.2254027880728245,0.20348277526907624,21.688470504283906,3.601899238228798,5.749949576854706,24200,0.0002,0,7.767626893399497,51.495779275894165
0.7512604963779449,0.27239719331264495,0.33503367461264133,0.21531512202695013,0.21171982837840914,21.025998849868774,3.462931580543518,5.901828438043594,24400,0.0002,0,9.185797178490356,43.545485734939575
0.8184734193235635,0.2731852714717388,0.32264317490160466,0.22189936358481646,0.2077458442002535,21.364148726463316,3.976053817272186,5.590461728572845,24600,0.0002,0,9.007760517716262,44.40615391731262
0.7923518342524767,0.2860707062482834,0.3404785055667162,0.2129990781098604,0.19886565558612346,22.881543774604797,3.669719151854515,5.554960027933121,24800,0.0002,0,8.490659615300995,47.110591888427734
0.811873325780034,0.2637281261384487,0.3160640934109688,0.21739611560478805,0.1973726567486301,22.368756394386292,3.755561515688896,5.365432487726212,25000,0.0002,0,7.83891033138867,51.02750039100647
0.751474238075316,0.2642360958456993,0.32801028721034525,0.22133047403767706,0.20094842561520637,20.64931938648224,3.719485183954239,5.405748442411423,25200,0.0002,0,7.6717802521672604,52.13913679122925
0.7269743752479553,0.27229642145335675,0.3306591608375311,0.22341879326850175,0.20570831852033733,21.624451279640198,3.304086294174194,5.802546185553074,25400,0.0002,0,7.510736416277016,53.257094621658325
0.7635479611158371,0.26321608178317546,0.31937236100435257,0.2123112128674984,0.19616268892306835,22.058019080162047,3.7055252248048784,5.6022760418057445,25600,0.0002,0,7.187534383953658,55.65190768241882
0.7610742180794478,0.2691607218235731,0.3317256870120764,0.221324599981308,0.2033545350190252,21.350264620780944,3.7574795126914977,5.708942977786064,25800,0.0002,0,8.72537969123995,45.84327721595764
0.7268703972920776,0.25677841797471046,0.34042336396872996,0.22941391649655998,0.2055221237335354,19.539568943977358,4.00800488293171,5.678516267538071,26000,0.0002,0,7.6413084371411255,52.34705591201782
0.7564044316858053,0.25913688249886035,0.32725246377289297,0.2257497091218829,0.19686917079612612,20.731747617721556,3.4306649500131607,5.664004911780357,26200,0.0002,0,7.741604703018065,51.66887426376343
0.7830715511366725,0.26106165431439876,0.32534221492707727,0.21462055576965214,0.20526708027347923,20.50155109167099,3.5484013682603837,5.593020626902581,26400,0.0002,0,7.288314548154774,54.882373332977295
0.7604284695535898,0.25863764449954035,0.3137504196166992,0.21698905320838094,0.2039423804730177,19.73875195980072,3.3960856664180756,5.526324334144593,26600,0.0002,0,7.413324256528312,53.95690059661865
0.724982930868864,0.2521542990207672,0.31920507803559306,0.22211999560706316,0.21563435823656618,19.90773849725723,3.6864164742827414,5.583815134763718,26800,0.0002,0,7.749796462487264,51.614258766174316
0.7175227829068899,0.25365778475999834,0.3203104709088802,0.23133193543180824,0.21786175979301334,19.403223638534545,3.2651470416784285,5.684146969914436,27000,0.0002,0,7.2574580170629694,55.11571669578552
0.7561641711741686,0.2592067065089941,0.3307662405818701,0.21099828296341003,0.2015637824125588,20.40850821018219,3.1093298894166947,5.518277449011802,27200,0.0002,0,7.8116829517618,51.205355167388916
0.7489592241495848,0.25627477213740346,0.32763365775346753,0.2323573326319456,0.21028027908876537,20.349863743782045,3.522380565404892,5.690779592096805,27400,0.0002,0,8.703950833090234,45.95614194869995
0.7384669391810894,0.25515546336770056,0.30874342791736126,0.22795296870172024,0.1902158468682319,19.33494586467743,3.0762406247854233,5.208915656805038,27600,0.0002,0,8.217557365778616,48.676265001297
0.8069615571573376,0.26642421394586563,0.33251481845974923,0.21686245700344442,0.19705306181684137,20.975732073783874,3.1902273392677305,5.22678464859724,27800,0.0002,0,8.188305027356405,48.85015869140625
0.8058375035226345,0.2559179515391588,0.32111715845763683,0.21681491523981095,0.19226676454767586,22.02130000591278,2.9671749740839006,5.610232707858086,28000,0.0002,0,7.439265577062636,53.76874852180481
0.7184044207632542,0.24653148218989374,0.3028911963105202,0.2296209343895316,0.22215326499193908,19.502139544487,3.2090651232004164,5.9866385078430175,28200,0.0002,0,7.461325973116358,53.609774112701416
0.742851913869381,0.24597728677093983,0.30925643630325794,0.21584645377472042,0.20814298302866518,19.293179244995116,3.1964313501119612,5.245160794854164,28400,0.0002,0,7.861299467645483,50.88217306137085
0.6897505897283555,0.25015912145376207,0.31863807447254655,0.2301778073888272,0.22050807083025575,18.999253964424135,3.2545896381139756,5.0212965738773345,28600,0.0002,0,7.576691517506509,52.79349160194397
0.6877007210254669,0.24418541252613069,0.31714950405061243,0.22896775037050246,0.21958552716299892,17.825414571762085,3.079982883930206,5.2229308104515075,28800,0.0002,0,7.757279015885332,51.56447243690491
0.7122212056070566,0.25893616743385794,0.31725579537451265,0.2223492828384042,0.2240125602297485,19.5289564371109,3.13575733423233,5.269297297000885,29000,0.0002,0,8.871551862497444,45.08794021606445
0.7042961092293263,0.24596036821603776,0.31852736346423627,0.228858252055943,0.20518310323357583,18.261024832725525,3.249088757634163,4.874282286763191,29200,0.0002,0,8.360178210772881,47.84587001800537
0.7198724247515201,0.2512787801772356,0.3288475991785526,0.2227471762523055,0.22143924629315734,19.057726669311524,3.2946036487817763,5.356552099585533,29400,0.0002,0,8.083179641514995,49.48547697067261
0.7310375916957855,0.2628816398233175,0.342290838137269,0.21656568488106132,0.20168085262179375,19.34431622028351,3.0861356353759763,4.942245224714279,29600,0.0002,0,7.180758714581899,55.70442008972168
0.7560742282122374,0.2633501670509577,0.3268939257413149,0.21484376411885023,0.2051493187341839,20.112264800071717,3.1697409304976465,5.060707594156265,29800,0.0002,0,6.7986979200235655,58.834795236587524
0.751980226188898,0.2514592483639717,0.32610574543476106,0.2224405638128519,0.20427069041877985,19.13949571609497,3.3840151655673982,5.082096327543258,30000,0.0002,0,8.340707898389104,47.95756006240845
0.7456585922092199,0.2617067710310221,0.3147235615551472,0.22064809389412404,0.20910447074566035,19.412987914085388,3.419832872748375,5.122946974337101,30200,0.00019866666666666668,0,7.867280051826874,50.84349322319031
0.7295590306073427,0.2456253632903099,0.31627356983721255,0.23082050519064068,0.2165499627776444,18.871466827392577,3.0780383449792863,5.383410340547561,30400,0.00019733333333333335,0,11.971990256351143,33.411320209503174
0.7587949854135513,0.2657999043911696,0.3429810508340597,0.21405273908749223,0.20291539140045642,18.379201753139498,3.0351879996061326,5.079061697721482,30600,0.000196,0,13.100028348543,30.534285068511963
0.7579357881098986,0.25610092595219613,0.31935725681483745,0.21341408731415867,0.2046422817464918,19.70244495391846,3.0381700813770296,5.2920092135667804,30800,0.0001946666666666667,0,13.949331959320624,28.67520833015442
0.6978985826671124,0.24927506878972053,0.3209963862597942,0.22325767824426293,0.2114852262288332,19.948427748680114,3.2469617778062823,4.972102072238922,31000,0.00019333333333333333,0,13.640476451634889,29.324488878250122
0.7416969383507968,0.24320002585649492,0.3005342543870211,0.22202897172421218,0.21201519129797816,19.137477536201477,3.521542295217514,4.91515424489975,31200,0.000192,0,14.122815106067566,28.322965145111084
0.7700359746813774,0.2444199850410223,0.31915369868278504,0.2103181290626526,0.1901172688882798,19.78461522817612,3.1266658931970595,4.933317635655403,31400,0.00019066666666666668,0,13.78782488032701,29.011102437973022
0.7625178719311952,0.2410613862425089,0.3090942054241896,0.21968860471621154,0.20003873605281114,19.387095499038697,3.190979338288307,5.035582547783852,31600,0.00018933333333333335,0,14.118292194529536,28.332038640975952
0.771015596166253,0.23950551502406597,0.30348212353885173,0.21275448221713306,0.20634567234665155,19.250054466724396,3.26127543091774,5.247329394221306,31800,0.000188,0,13.857116508205555,28.866034269332886
0.6929165836051107,0.24473321840167045,0.31103799551725386,0.2263410783559084,0.2069978838879615,18.439679012298583,3.5000117766857146,4.774727860093117,32000,0.0001866666666666667,0,13.872377129587536,28.834279537200928
0.7282945071160793,0.24703887090086937,0.32266325525939465,0.22044953821226954,0.2109604177530855,18.853155863285064,3.1083936911821364,5.260592149496079,32200,0.00018533333333333333,0,13.72890262988936,29.135613441467285
0.752783583626151,0.24050817430019378,0.31736499577760696,0.2147085460089147,0.21455192315392196,18.231269483566283,3.176912630200386,5.084313952326775,32400,0.00018400000000000003,0,13.707057569889182,29.182047128677368
0.7284483355656266,0.2388922070711851,0.3123540672659874,0.22752972049638628,0.20689747210592033,18.648621332645416,3.1849990880489347,4.8364108264446255,32600,0.00018266666666666667,0,13.56866115545808,29.479695558547974
0.7756208466738462,0.23254126891493798,0.31710777528584005,0.2152565222978592,0.19941879642196,18.025498418807985,3.3375591444969177,5.0392770332098005,32800,0.00018133333333333334,0,13.876279224991206,28.826171159744263
0.7742356133460998,0.23984124414622784,0.3320976396650076,0.21230046585202217,0.19962283205240966,18.975550203323365,3.4633378952741625,5.053361521363258,33000,0.00018,0,13.69634227793845,29.204877614974976
0.7342374984174966,0.23781221352517604,0.31422263108193876,0.22979580223560334,0.19711965784430505,18.37984675884247,3.320509750247002,5.056274248957634,33200,0.00017866666666666668,0,13.749458023290202,29.092055797576904
0.7415142399817705,0.2427856896072626,0.3333366098254919,0.21521850118413569,0.20706569883972406,19.137946212291716,3.1940464961528776,5.1321139138937,33400,0.00017733333333333335,0,14.316837423425703,27.939131259918213
0.7427773766219616,0.2477782818675041,0.3319297593086958,0.2069277178682387,0.1994684648606926,19.236467967033388,3.1886254167556762,5.054586119651795,33600,0.00017600000000000002,0,14.440538960764536,27.6997971534729
0.7189493784308434,0.23436965808272361,0.3164538549631834,0.22514904502779245,0.19968138691037893,18.15283592224121,3.3871629744768144,5.0773022359609605,33800,0.00017466666666666667,0,14.538369471061552,27.513401746749878
0.7347845465689897,0.24564497046172618,0.3155845683813095,0.20382885767146944,0.19786654378287494,19.704620809555053,3.3576085066795347,5.119573830366135,34000,0.00017333333333333334,0,14.662109879899317,27.281203269958496
0.7692117045074701,0.23150427415966987,0.3188497583568096,0.2230350272357464,0.1963489486183971,19.5416846203804,3.576271368265152,5.349994433522224,34200,0.000172,0,14.64878196557597,27.3060245513916
0.7397706528007985,0.24567744329571725,0.32074002325534823,0.21918852088041604,0.19523448837921023,19.788342192173005,3.5964006367325783,5.247454217672348,34400,0.00017066666666666668,0,14.361964440107176,27.851343154907227
0.7917956581711769,0.23497437991201878,0.3171661628782749,0.21699765572324395,0.18771612013690173,18.837734818458557,3.1944361636042595,5.576457180976868,34600,0.00016933333333333335,0,14.28466361825522,28.00205945968628
0.7453574169427156,0.2368885850906372,0.3208163833618164,0.20482888184487819,0.20808192998170852,19.34145661830902,3.4984069722890854,4.907373720407486,34800,0.000168,0,14.220190900702008,28.12901759147644
0.7056504997611046,0.2321335832029581,0.31635409519076346,0.2241037027630955,0.20612338570877908,18.272587132453918,3.5737018603086472,5.046065679192543,35000,0.0001666666666666667,0,14.12793443281162,28.312702178955078
0.7258063124865294,0.23418412536382674,0.31169710770249365,0.2124964983202517,0.2037546441331506,18.50098783969879,3.0968728959560394,5.247492572665214,35200,0.00016533333333333333,0,14.053775349829541,28.46210289001465
0.7466573801636696,0.23602292813360692,0.31274083323776725,0.21967770352959634,0.20003387819975615,19.350276658535005,3.191168047785759,5.412556703686715,35400,0.000164,0,14.51090201700325,27.565481424331665
0.7386590152978897,0.23868210040032864,0.31927574045956136,0.21703615351580083,0.20603911575861275,18.683954277038573,3.15270217448473,4.994436658024788,35600,0.00016266666666666667,0,14.657486121390624,27.289809226989746
0.7143433427065611,0.2175032091140747,0.3001484818011522,0.2104271214455366,0.1851110126916319,17.47047862291336,3.270330682992935,4.924910733699798,35800,0.00016133333333333334,0,15.053108246937063,26.572585105895996
0.7786296460777521,0.23169672518968581,0.3190403205901384,0.20747828735038637,0.17950851380825042,19.293418102264404,3.4250596076250077,5.072226946949959,36000,0.00016,0,14.84732229640242,26.940884828567505
0.7513997922092677,0.2284731088578701,0.31673312284052374,0.2223193844407797,0.21345396029762922,18.699495358467104,3.2071527349948883,5.423809403777122,36200,0.00015866666666666668,0,14.926588190734057,26.797818422317505
0.7559573838114738,0.22123350460082292,0.3118145389854908,0.2119833024404943,0.1824561492074281,17.839936363697053,3.3048908597230913,4.842290818393231,36400,0.00015733333333333333,0,14.643850252555376,27.315220594406128
0.7545544824004173,0.2238405953720212,0.3176651141792536,0.21752976972609758,0.1936976888915524,18.574103438854216,3.5737956196069716,5.041027187108994,36600,0.00015600000000000002,0,14.451784924064846,27.678241968154907
0.7698135637491942,0.2258801230788231,0.3241374363005161,0.21662136361002923,0.20709577728062867,18.674535443782805,3.4881086707115174,5.419121041297912,36800,0.00015466666666666667,0,14.873222503469503,26.893970012664795
0.7513850145041943,0.23019773788750172,0.31448370158672334,0.23030767284333706,0.1943138953857124,18.298321948051452,3.320979423522949,5.026056698560715,37000,0.00015333333333333334,0,16.712906407434833,23.93359899520874
0.7771780989319086,0.2246892823278904,0.31558548122644425,0.21249361226335167,0.19898792334832252,19.700497901439668,3.068170605003834,5.077248380184174,37200,0.000152,0,15.842172483542203,25.249062299728394
0.7690156961977482,0.2290361252427101,0.31885180808603764,0.2179705208912492,0.18569868655875324,18.92434582233429,3.526945322751999,4.859606158733368,37400,0.00015066666666666668,0,16.30968802827539,24.5253005027771
0.7829211427271366,0.22217593148350714,0.30186804197728634,0.21673056626692414,0.20083796778693797,18.674302909374237,3.3067801624536513,5.187003164291382,37600,0.00014933333333333335,0,16.67507748190628,23.987894535064697
0.7582075399160385,0.21885169185698033,0.3088529731333256,0.2086716888472438,0.1978348044678569,18.568985877037047,3.1543633806705476,4.979392054677009,37800,0.000148,0,15.865671607351802,25.211665153503418
0.7647458033263683,0.2201250935345888,0.3045104409754276,0.21222539393231274,0.20583639410324395,18.821508088111877,3.56430706679821,4.934281417131424,38000,0.00014666666666666666,0,18.084253622112843,22.118690013885498
0.75818159237504,0.22568555548787117,0.3242933199554682,0.2125821604579687,0.1878343002172187,18.217153193950654,3.208681896328926,4.823376930058003,38200,0.00014533333333333333,0,18.043468939310745,22.168686151504517
0.7954234484583139,0.21587683007121086,0.3172414041310549,0.215992534160614,0.18108124421909452,18.907969186306,3.2050100228190423,4.800947597324848,38400,0.000144,0,16.791640859079994,23.82137656211853
0.7994284088164568,0.22253974743187427,0.3246690822392702,0.20815916307270527,0.1998418690636754,18.407812895774843,3.458422135710716,5.3431440836191175,38600,0.00014266666666666667,0,15.439066982547057,25.90830135345459
0.7394361362606287,0.21591721549630166,0.30369522236287594,0.20656707962043583,0.20646940361708402,17.626140055656432,3.209697937965393,5.281738014221191,38800,0.00014133333333333334,0,15.3284289935772,26.095303058624268
0.7150741744041443,0.21290992423892022,0.29065084107220174,0.22108161605894566,0.1992037574481219,17.287555012702942,3.4403991043567657,4.907364326715469,39000,0.00014,0,8.400826456026572,47.614362955093384
0.7311969166994094,0.22830814186483622,0.3198642992973328,0.2178666396997869,0.20539267136715353,18.23872689008713,3.431411469876766,5.0977246409654615,39200,0.00013866666666666669,0,8.28795517699168,48.26280927658081
0.7548426620662212,0.21048948235809803,0.3087338291853666,0.2159568027034402,0.2028530671261251,18.159771027565004,3.2186099743843077,5.180310354828834,39400,0.00013733333333333333,0,9.437014652772056,42.38628578186035
0.7454850427061319,0.22063703075051308,0.2978791810572147,0.22317736376076935,0.20414241140708328,18.46598615169525,3.3378772753477097,4.956252351403236,39600,0.00013600000000000003,0,14.323212179516704,27.92669653892517
0.7541771873086691,0.2148925296217203,0.3117040680348873,0.2126832390576601,0.20527488349936904,17.934480714797974,3.3806687146425247,5.280009877681732,39800,0.00013466666666666667,0,11.570138470161327,34.5717556476593
0.7197652518749237,0.21642021715641022,0.3003681019693613,0.2160175418667495,0.20812569989822804,17.173140230178834,3.4303738993406294,5.111790012121201,40000,0.00013333333333333334,0,13.002769979837325,30.762676000595093
0.7408943220227957,0.20994534470140935,0.3100127957761288,0.21783431814983487,0.1987761095073074,17.37520486831665,3.45384552359581,4.9878454047441485,40200,0.000132,0,16.396205245518015,24.395888805389404
0.7315597619861365,0.21323487766087054,0.2993305955827236,0.21693552397191523,0.19101208813488482,17.28589557647705,3.7167336350679396,4.821608944535256,40400,0.00013066666666666668,0,16.081763668158494,24.872893810272217
0.7448354757577181,0.21703470416367054,0.3057762758433819,0.21273366153240203,0.1864872417226434,18.313785831928254,3.1719983440637587,5.21006147146225,40600,0.00012933333333333332,0,16.64873851729893,24.02584433555603
0.7681021648645401,0.20800386764109136,0.29033730767667293,0.21143174251541497,0.19317933481186628,17.856298372745513,3.451223686784506,5.14320708334446,40800,0.00012800000000000002,0,16.86455720447081,23.71838140487671
0.782068202868104,0.20825213346630334,0.29235014885663985,0.20782160526141524,0.19790384955704213,17.255772738456727,3.5486934596300124,4.955747926831245,41000,0.00012666666666666666,0,17.42410271466144,22.956705808639526
0.7698951081745327,0.21185339517891408,0.31233308255672454,0.22133281473070382,0.1909003075864166,17.668045241832733,3.5547298300266266,5.2015619453787805,41200,0.00012533333333333334,0,17.2152805036693,23.235171794891357
0.7283144354820251,0.21501115445047617,0.3154530879855156,0.21535536754876375,0.2015204602573067,18.737511267662047,3.466262847781181,4.8818794876337055,41400,0.000124,0,17.856063082422565,22.401354551315308
0.7303205905854702,0.21339125003665685,0.31478934347629545,0.21526176933199168,0.2029723259061575,18.33329184770584,3.4958190900087356,5.394472584724427,41600,0.00012266666666666668,0,17.6881724465912,22.613981246948242
0.7393859910964966,0.2085883904993534,0.2986201585829258,0.2149031100422144,0.19419852308928967,18.59084912776947,3.7451348090171814,5.012902715206146,41800,0.00012133333333333335,0,17.744106374172706,22.542696237564087
0.7474934346228838,0.20691959857940673,0.2937011742591858,0.21674031952396036,0.20277003733441235,18.354051861763,3.7024091881513597,5.302570406794548,42000,0.00012,0,17.48379999899123,22.878321647644043
0.7323767209798098,0.2174533684924245,0.31197022266685964,0.20773173508234322,0.1930932837445289,18.46369390964508,3.315117026269436,4.969540013670922,42200,0.00011866666666666669,0,15.794105283127509,25.325904369354248
0.7891000705957413,0.20694150388240815,0.29320928037166594,0.21425143787637352,0.18287918876856565,19.111201713085176,3.543012844324112,4.9645925664901736,42400,0.00011733333333333334,0,16.301162870947124,24.538126707077026
0.725908987596631,0.20873420029878617,0.3059725034981966,0.21013420520350337,0.2059768427349627,18.210620741844178,3.294179525971413,5.752119887471199,42600,0.000116,0,15.806894153558593,25.305413961410522
0.7405552336573601,0.2029363114759326,0.29785086438059805,0.22334874521940948,0.20081086232326925,17.944997751712798,3.355968858897686,5.289870283007621,42800,0.00011466666666666667,0,12.338913955823344,32.41776394844055
0.7395123053342104,0.20132006503641606,0.297873921841383,0.21082233306020498,0.1971441120095551,18.175152039527894,3.318209094107151,5.2519778650999065,43000,0.00011333333333333334,0,8.61413452683505,46.435309171676636
0.7573202466964721,0.19705983534455299,0.28474461935460565,0.21273862870410085,0.2041638914309442,18.034048483371734,3.4823396372795106,5.350323951840401,43200,0.00011200000000000001,0,8.62412509462153,46.381516456604004
0.732333952113986,0.19946643311530352,0.2966479942202568,0.2148727538436651,0.21275512140244246,17.69047119617462,3.571463597416878,5.649557301998138,43400,0.00011066666666666667,0,8.31526280863331,48.10431241989136
0.7294835301488638,0.20711509276181458,0.3027702570706606,0.21449987195432185,0.202359348423779,17.469511222839355,3.561881315112114,5.07029631972313,43600,0.00010933333333333333,0,15.046592176844984,26.584092617034912
0.7683349569886923,0.2074846938252449,0.29389027260243894,0.2075759244710207,0.19073054861277342,17.599392914772032,3.246577143073082,5.012112135291099,43800,0.00010800000000000001,0,15.178000268979254,26.353932857513428
0.7178877181559801,0.20531472712755203,0.29534271158277986,0.21181781775318087,0.1963124898262322,18.767232537269592,3.4837413850426673,4.900232291817665,44000,0.00010666666666666667,0,12.599910665477903,31.746256828308105
0.767718653678894,0.2022065542638302,0.2889930070191622,0.20235314570367335,0.21010582640767098,17.696151344776155,3.411800788640976,5.06890784740448,44200,0.00010533333333333332,0,12.01391591265104,33.29472279548645
0.7305910532921552,0.19911610074341296,0.29051745966076853,0.21709896285086872,0.20151097044348718,17.100742001533508,3.750393959879875,4.974305856227875,44400,0.00010400000000000001,0,16.15218646975418,24.76444911956787
0.7145962272584439,0.19603752452880144,0.2851470622420311,0.21110577604733408,0.20697420825250445,17.225718672275544,3.4011067274212836,5.374703534245491,44600,0.00010266666666666666,0,17.027951392294945,23.490788221359253
0.7702769859135151,0.20482254963368177,0.3018800035864115,0.20429007915779948,0.19090762780979276,18.168342490196228,3.7264374205470085,5.418820574879646,44800,0.00010133333333333335,0,17.49496513961651,22.863720893859863
0.7583492919802666,0.20843782171607017,0.2919895324856043,0.1959589591063559,0.20013481387868523,18.115447659492492,3.5727862447500227,5.428076009750367,45000,0.0001,0,17.40571116597944,22.9809627532959
0.7834249051660299,0.2022595189511776,0.2981192851066589,0.21352747875265776,0.20459368429146707,17.98759464263916,3.9280791491270066,4.801286545991897,45200,9.866666666666668e-05,0,17.012710532624432,23.51183247566223
0.7414905928075314,0.20744818300008774,0.31292392522096635,0.21108899349346757,0.19934492997359485,17.622426466941832,3.5726737701892852,5.273262442052364,45400,9.733333333333335e-05,0,17.98608139437003,22.239418983459473
0.7719384810328483,0.19795636262744665,0.2897028915584087,0.20128987196832895,0.1860296046733856,17.390314445495605,3.4069271740317344,4.670520649552345,45600,9.6e-05,0,17.497997174178153,22.859759092330933
0.743430489525199,0.19651923913508654,0.29921853974461554,0.2142214124556631,0.21668689977377653,17.93549238681793,3.531477852463722,5.283327853083611,45800,9.466666666666667e-05,0,17.482834020421297,22.87958574295044
0.729949996471405,0.19386323887854814,0.28706847205758096,0.21852798784151672,0.20239533238112928,17.717739596366883,3.697501319050789,5.517544304728508,46000,9.333333333333334e-05,0,17.900351539941216,22.345929861068726
0.7286044918745757,0.1936421560496092,0.2824483470618725,0.2045281146839261,0.20064193511381745,17.448454682826995,3.7580256152153013,5.159735504388809,46200,9.200000000000001e-05,0,18.063347085324235,22.14429020881653
0.7301223745197057,0.19251386921852828,0.2862238285690546,0.21600436920300126,0.19450270429253577,17.378273408412934,3.787349448800087,5.1668558722734454,46400,9.066666666666667e-05,0,18.032517034500952,22.18215012550354
0.7659730337560177,0.19650758907198906,0.2941228997707367,0.2105410342849791,0.1975989259313792,18.285428247451783,3.7013862842321394,5.21482537060976,46600,8.933333333333334e-05,0,17.53897874675726,22.806344985961914
0.7554686126112938,0.19702608056366444,0.29516062073409555,0.2114609450288117,0.1929789271671325,18.55549868106842,3.4831446272134783,5.0145555126667025,46800,8.800000000000001e-05,0,14.663088524086804,27.279382467269897
0.7836893091350794,0.19453951872885228,0.3032508109509945,0.2039784299675375,0.18816040209960191,18.09467276096344,3.484260875880718,5.534483755230903,47000,8.666666666666667e-05,0,14.967477892275086,26.724609375
0.7443636584281922,0.1947307178750634,0.2969374599307775,0.21468592911958695,0.20704689968377352,17.830784575939177,3.6242878836393357,5.415362302660942,47200,8.533333333333334e-05,0,15.062587986664722,26.555861473083496
0.7338740606606007,0.18555106237530708,0.2909258808940649,0.20361329187639057,0.19622212858870625,16.863905024528503,3.686917655467987,5.536665570735932,47400,8.4e-05,0,14.869455360762712,26.90078353881836
0.7339300086349249,0.19059657268226146,0.30459772624075415,0.20555983838625252,0.1979968585073948,16.949451184272768,3.9751568698883055,5.187649720907212,47600,8.266666666666667e-05,0,14.126053291809654,28.31647253036499
0.7239556850492954,0.18912286929786204,0.2840497075766325,0.21582416801713408,0.21122758789919316,16.82979680776596,3.6689958077669145,5.562341999411583,47800,8.133333333333334e-05,0,12.470800161267217,32.07492661476135
0.7230305347591639,0.1953106451407075,0.3035848480463028,0.20284280084073544,0.19541367579251528,18.567492258548736,3.7243243408203126,5.290239818096161,48000,8e-05,0,10.36376821390127,38.59600019454956
0.7074016464874149,0.18780805710703136,0.29072419941425326,0.20776300240308046,0.2080777185410261,17.29100591659546,3.7020458912849428,5.2446414303779605,48200,7.866666666666666e-05,0,10.12178387806345,39.518725633621216
0.7875037295371294,0.19306694827973842,0.28664531573653224,0.20136113855056464,0.18629719879478215,19.04134337902069,3.9336851420998573,5.1657945936918255,48400,7.733333333333333e-05,0,10.476181430889335,38.18185114860535
0.7150252072513104,0.18418326571583749,0.2840776202827692,0.2130781527981162,0.20929253607988357,17.30135452270508,3.8631489056348802,5.445098503828048,48600,7.6e-05,0,10.191876167814234,39.24694466590881
0.7684533123672008,0.20031718991696834,0.29276594795286653,0.20789977377280594,0.18058112366124987,18.74643359899521,3.887750831246376,5.207918546795845,48800,7.466666666666667e-05,0,10.406793962876776,38.436429262161255
0.7046805369853973,0.1824968883395195,0.2935348650068045,0.20888239346444606,0.19538032179698347,17.372854301929475,3.8997952479124067,5.402730529904366,49000,7.333333333333333e-05,0,10.535343210054325,37.96743893623352
0.7860165801644325,0.19005617551505566,0.2912695707380772,0.2085252084583044,0.19148537325672804,18.80020565032959,4.064111211001873,5.778185340166092,49200,7.2e-05,0,10.45476462862097,38.26006746292114
0.7628050565719604,0.19076777309179305,0.2871602988988161,0.20534655759111048,0.19873127480968833,18.193674030303956,3.8992154598236084,5.408904731869698,49400,7.066666666666667e-05,0,10.37272010599934,38.56269097328186
0.8248727189004421,0.18324879642575978,0.278956143707037,0.20555605161003768,0.20246370842680336,18.631145491600037,4.081146475076675,6.06119004368782,49600,6.933333333333334e-05,0,10.53353213578424,37.97396683692932
0.7664939181879162,0.18055309034883976,0.28237648591399195,0.1941915844194591,0.19368080640211702,17.27195041179657,3.7942533779144285,5.680975957512856,49800,6.800000000000001e-05,0,10.1802484533588,39.29177188873291
0.7859939378872514,0.18464736986905336,0.2879225278645754,0.21779186472296716,0.2075573557242751,17.88981824159622,4.073719572722911,5.543901487588882,50000,6.666666666666667e-05,0,10.491224747830836,38.12710237503052
0.7377388381958008,0.17560146041214467,0.29103618517518043,0.20542744271457195,0.19937466960400343,17.174211106300355,3.8892862182855605,5.739388545155525,50200,6.533333333333334e-05,0,9.972769287057465,40.10922026634216
0.764264820292592,0.18682998653501273,0.29563752248883246,0.213280675066635,0.19571426434442402,18.176142663955687,3.9024810123443605,5.510128029584885,50400,6.400000000000001e-05,0,9.681102741709894,41.317607164382935
0.8102707739174366,0.17957767713814973,0.2900173635780811,0.20241637485101818,0.1902193359285593,17.36659851551056,4.160677748918533,5.422359375357628,50600,6.266666666666667e-05,0,9.717388254977973,41.16332387924194
0.7239684115350247,0.17667087003588677,0.2917179486900568,0.2062433912511915,0.20087595265358688,17.498052213191986,4.203760582208633,5.731770694255829,50800,6.133333333333334e-05,0,9.724482982611525,41.13329219818115
0.7402856453508139,0.17338483065366744,0.2948510046303272,0.2056202993169427,0.20517780213616787,16.569209282398223,4.105672316551209,5.8320069533586505,51000,6e-05,0,9.575074048920802,41.77513384819031
0.7711627805233001,0.18838618468493223,0.29276610977947715,0.2106199593935162,0.19987121812999248,17.981752579212188,4.439483804106712,5.690457454919815,51200,5.866666666666667e-05,0,9.6858712132986,41.29726600646973
0.77403224542737,0.18114198226481676,0.28409353651106356,0.20273939708247782,0.19169828857295215,18.473222966194154,4.161932896077633,5.403835482597351,51400,5.7333333333333336e-05,0,9.738042710190845,41.07601618766785
0.745868476703763,0.18006317634135485,0.2849945616722107,0.20471092055551707,0.2036955394409597,17.39490509748459,4.2872015371918675,5.439827747941017,51600,5.6000000000000006e-05,0,10.088466419209679,39.649237394332886
0.7467728513479233,0.17894259203225374,0.28492998972535133,0.2113445875607431,0.2005174094531685,17.83708285331726,4.274655154347419,5.198411916494369,51800,5.466666666666666e-05,0,10.348707283171837,38.65217065811157
0.8012671692669392,0.1782687521353364,0.2843534637242556,0.19578973622992635,0.1897695031017065,18.5724346780777,4.1136180734634396,5.365306620597839,52000,5.333333333333333e-05,0,10.321996557159816,38.752192735672
0.7505505772680044,0.17871070053428412,0.28821958221495153,0.21536055009812116,0.17485286185052246,17.77287396669388,4.311313852071762,4.9882358115911485,52200,5.2000000000000004e-05,0,10.388760854132276,38.503148317337036
0.764547785371542,0.17763964876532554,0.2911685351282358,0.20751996194012462,0.19827117573469877,17.923077671527864,4.263338729143142,5.458788648247719,52400,5.0666666666666674e-05,0,10.338281124432857,38.69115138053894
0.7625805205106735,0.17753695201128722,0.2881556722521782,0.20496116136200726,0.18199902120046318,18.138903348445893,4.3368152749538424,5.275505012869835,52600,4.933333333333334e-05,0,10.894113026204469,36.71707820892334
0.7598797809332609,0.18095410399138928,0.2833172581344843,0.19967443177476527,0.1989826070982963,18.306006293296814,4.349298277497292,5.638728147745132,52800,4.8e-05,0,10.383423765908345,38.5229389667511
0.7206543048471212,0.1856866605579853,0.2964103901386261,0.21801651688292623,0.18851677502505482,17.25998634815216,4.571746368408203,5.583952518105507,53000,4.666666666666667e-05,0,10.401825266502499,38.45478940010071
0.7657533305883407,0.1740179842710495,0.2957074599713087,0.2016205794364214,0.1897713604941964,17.599032843112944,3.970492294430733,5.408745431303978,53200,4.5333333333333335e-05,0,10.338716888269797,38.689520597457886
0.7358883593976497,0.17275381978601217,0.2832904003560543,0.19535246494226158,0.19493462388403715,17.854048044681548,3.860209663808346,5.712643067836762,53400,4.4000000000000006e-05,0,9.908758149799926,40.36832809448242
0.761553548425436,0.17412026021629573,0.2838758397847414,0.20378200057893991,0.2067525338754058,17.453549489974975,4.2611657923460005,5.599386116266251,53600,4.266666666666667e-05,0,9.60790554656496,41.63238263130188
0.7661990559846162,0.17525750052183867,0.2928186485171318,0.19340000277385117,0.18930012956261635,17.792890479564665,4.199314415156842,5.569175769686699,53800,4.133333333333333e-05,0,9.628764567759609,41.54219341278076
0.7407600615918636,0.1811506485566497,0.2896142338961363,0.2167211334221065,0.1874066122341901,17.874537110328674,4.643351017832756,5.751300755739212,54000,4e-05,0,10.53088424663459,37.98351502418518
0.743146281838417,0.16907504808157683,0.27650037556886675,0.21128716656938196,0.20636307325214148,17.654635653495788,4.579576562047005,5.99359392285347,54200,3.866666666666667e-05,0,10.119620370921384,39.52717447280884
0.7681693555414677,0.1689520701766014,0.29410720683634284,0.21474327675998212,0.18788753530010582,17.56161721229553,4.475697260499,5.747237941622734,54400,3.733333333333334e-05,0,10.171702086473767,39.324785232543945
0.7408757691830397,0.16751829486340283,0.281847805082798,0.20121791446581483,0.1968047709297389,18.21533254146576,5.019847804307938,5.76341795861721,54600,3.6e-05,0,9.920995253955612,40.318535566329956
0.7813747476041317,0.16768805675208567,0.26473061576485635,0.20894658783450723,0.20906049171462654,17.574715600013732,4.619785380065441,6.109273732900619,54800,3.466666666666667e-05,0,10.072242328558618,39.71310329437256
0.7225612585991621,0.16451024882495402,0.2648814424872398,0.2002717970870435,0.1893057007342577,17.39873507976532,4.409005368947983,5.855136587619781,55000,3.3333333333333335e-05,0,10.111040905995457,39.56071424484253
0.7461154332756996,0.16892715889960527,0.2855417218804359,0.20740627428516745,0.19866826804354787,17.12812442779541,4.519973721504211,5.891834789514542,55200,3.2000000000000005e-05,0,9.999483373630746,40.00206661224365
0.7678294292092324,0.16699309829622508,0.2843479397892952,0.19956706816330552,0.18633739327080548,18.14470280170441,4.474870969057083,5.7188951760530475,55400,3.066666666666667e-05,0,9.972518181303586,40.11023020744324
0.7668628369271755,0.17297862514853476,0.2931460095196962,0.19845146909356118,0.19151516243815422,17.92549564599991,4.686538408398628,5.569166698455811,55600,2.9333333333333336e-05,0,9.74453619064679,41.04864430427551
0.777183645516634,0.1676703615486622,0.28085444994270803,0.2133074899762869,0.18661579332314432,18.39958799123764,4.688535879254341,5.717863271832466,55800,2.8000000000000003e-05,0,10.081491194934026,39.67667007446289
0.7688856841623783,0.17124970570206643,0.2902444241195917,0.2038177155330777,0.1862064557056874,18.20341467618942,4.662313581109047,5.813157904148102,56000,2.6666666666666667e-05,0,9.893854467514618,40.429137229919434
0.776493564993143,0.16624541074037552,0.2761199902743101,0.20405668122693896,0.19721036397852004,17.999191308021544,4.875704038441182,6.1861409139633174,56200,2.5333333333333337e-05,0,9.933560216867011,40.267536640167236
0.8174432742595673,0.1660751248896122,0.28408184334635733,0.2070043868292123,0.18789781130850314,17.64023846626282,5.017288426756859,6.123340355157852,56400,2.4e-05,0,10.2363990167619,39.0762414932251
0.7110307224094867,0.1641548454388976,0.2777890729904175,0.2115888405404985,0.2041420651692897,17.929565482139587,4.893814962506294,6.328490262627602,56600,2.2666666666666668e-05,0,10.286768695930741,38.88490271568298
0.7664864305406809,0.16749046735465525,0.28761364802718165,0.20523020244203508,0.196841059057042,17.994518959522246,4.79377233505249,6.13832223534584,56800,2.1333333333333335e-05,0,10.262187345112666,38.97804498672485
0.7839725379645824,0.1637480602413416,0.28342189684510233,0.20219392926432192,0.1805980130843818,18.03816740989685,4.642270971536636,5.894425562024116,57000,2e-05,0,10.188267987288542,39.260843992233276
0.7437660650908947,0.1620628749206662,0.2678928430378437,0.20220080442726612,0.20049328666180372,18.208567130565644,4.9839664262533185,6.16834461927414,57200,1.866666666666667e-05,0,9.976070464008375,40.09594774246216
0.7105515596270561,0.16340002756565808,0.2765521786361933,0.20624574786052108,0.20087124637328088,17.640337414741516,4.991652816534042,6.264678353667259,57400,1.7333333333333336e-05,0,10.15931301716903,39.37274098396301
0.745783139243722,0.16057132344692945,0.2649388347566128,0.20989701015874743,0.20274311996996403,17.804260115623475,4.844343572258949,6.080060269832611,57600,1.6000000000000003e-05,0,7.854289225868009,50.927587270736694
0.7521080122888089,0.15879915300756692,0.27163065239787104,0.20200448777526617,0.19757676262408494,17.64261738538742,4.623726220726967,5.9389264339208605,57800,1.4666666666666668e-05,0,9.910159421205941,40.36262011528015
0.7979323615133762,0.16514073438942434,0.2694878326356411,0.19782646822277455,0.19077652756124736,17.903701028823853,4.6968762087821965,5.846908859014511,58000,1.3333333333333333e-05,0,10.293139968520343,38.86083364486694
0.7619018176198006,0.16559923455119133,0.2756397461891174,0.2066931036673486,0.18941696013323964,18.27642412185669,4.987747063040733,6.202286887764931,58200,1.2e-05,0,10.199051840212745,39.21933197975159
0.7536811540275812,0.16407602090388537,0.2896374484151602,0.2049508629925549,0.1947570469416678,18.13131293773651,5.203154342770577,6.082247402667999,58400,1.0666666666666667e-05,0,10.117779703691275,39.53436541557312
0.7117266039550304,0.16214489668607712,0.283138395473361,0.1929830772988498,0.19517166902311145,17.382505509853363,5.0999305784702305,6.045676972866058,58600,9.333333333333334e-06,0,10.185382131651798,39.27196788787842
0.7251867547631263,0.1570326843485236,0.2864802819490433,0.20599963447079062,0.20561377381905913,17.236011044979094,5.162429192066193,6.1081598699092865,58800,8.000000000000001e-06,0,9.797615589950686,40.82625985145569
0.727627115920186,0.162822496406734,0.277978899627924,0.19982427548617124,0.1872615412995219,17.998660099506377,5.139139416217804,5.608178272247314,59000,6.666666666666667e-06,0,9.823970384070606,40.71673512458801
0.7706569874286652,0.15968135878443718,0.2775318609923124,0.18697116103954614,0.18673002855852247,17.875071744918824,4.626712202429771,5.899208596944809,59200,5.333333333333334e-06,0,9.739054968684961,41.071746826171875
0.7989854697883129,0.1595737708732486,0.2703285660594702,0.20482813889160753,0.18445573026314377,18.119120695590972,4.938540935516357,5.670876069664955,59400,4.000000000000001e-06,0,9.849356741433027,40.61178922653198
0.7602558350563049,0.1577305185049772,0.2763227770477533,0.1996032216027379,0.19093799100257455,17.665715165138245,4.8261008644104,5.867056645750999,59600,2.666666666666667e-06,0,9.942656789714206,40.230695724487305
0.7977163565158844,0.16129785403609276,0.2752394089102745,0.20002214012667538,0.18507498037070036,17.87172313928604,4.909432760477066,5.858013635277748,59800,1.3333333333333334e-06,0,10.358640703531394,38.61510515213013
0.7546071964502334,0.16019068840891124,0.2678254544734955,0.19796926179900765,0.19947739714756607,17.226346039772032,4.775352339744568,5.897269895076752,60000,0.0,0,9.975724286113431,40.097339153289795
