domain,file,index
monet,0a5075d42a.jpg,12
monet,106757e5d8.jpg,15
monet,1078363ff0.jpg,16
monet,26b66eb819.jpg,44
monet,28deb43a71.jpg,47
monet,2cca56415e.jpg,52
monet,32cc820303.jpg,57
monet,4260d1c556.jpg,71
monet,6043aadea0.jpg,111
monet,632ddbc784.jpg,114
monet,676a5a4c2e.jpg,119
monet,69f4b75a37.jpg,125
monet,732d76a469.jpg,140
monet,b3adc75e7d.jpg,216
monet,ec78d80dbd.jpg,279
photo,08009f0be5.jpg,217
photo,38993b35f9.jpg,1628
photo,3ee7eb408c.jpg,1805
photo,4ee02ffd2c.jpg,2278
photo,79c459542d.jpg,3436
photo,8277fe2e16.jpg,3679
photo,94cf38462b.jpg,4139
photo,a13aca724a.jpg,4464
photo,a65bfd0e43.jpg,4597
photo,aea4a60c4e.jpg,4827
photo,b275f883d7.jpg,4931
photo,c123f051ca.jpg,5323
photo,d0765946b2.jpg,5745
photo,d549b4831b.jpg,5865
photo,f188425ea5.jpg,6630
